epoch,step,layer,expert,count
1,1066,0,2,235
1,1066,0,3,11
1,1066,0,4,10
1,1066,0,5,2412
1,1066,0,6,1172
1,1066,0,7,0
1,1066,0,0,315
1,1066,0,1,1364
1,1066,1,2,606
1,1066,1,3,2387
1,1066,1,4,373
1,1066,1,5,906
1,1066,1,6,4
1,1066,1,7,763
1,1066,1,0,18
1,1066,1,1,4
1,1066,2,2,0
1,1066,2,3,0
1,1066,2,4,0
1,1066,2,5,0
1,1066,2,6,0
1,1066,2,7,0
1,1066,2,0,0
1,1066,2,1,0
1,0,0,7,0
1,0,0,0,0
1,0,0,1,40
1,0,0,2,0
1,0,0,3,0
1,0,0,4,780
1,0,0,5,785
1,0,0,6,447
1,0,1,2,0
1,0,1,3,598
1,0,1,4,1
1,0,1,5,9
1,0,1,6,393
1,0,1,7,789
1,0,1,0,0
1,0,1,1,0
2,0,0,5,785
2,0,0,6,447
2,0,0,7,0
2,0,0,0,0
2,0,0,1,40
2,0,0,2,0
2,0,0,3,0
2,0,0,4,780
2,0,1,7,789
2,0,1,0,0
2,0,1,1,0
2,0,1,2,0
2,0,1,3,660
2,0,1,4,0
2,0,1,5,6
2,0,1,6,338
1,0,0,1,0
1,0,0,2,792
1,0,0,3,21
1,0,0,4,0
1,0,0,5,0
1,0,0,6,0
1,0,0,7,126
1,0,0,0,0
1,0,1,2,3
1,0,1,3,0
1,0,1,4,263
1,0,1,5,1
1,0,1,6,233
1,0,1,7,792
1,0,1,0,128
1,0,1,1,288
3,0,0,1,40
3,0,0,2,0
3,0,0,3,0
3,0,0,4,780
3,0,0,5,785
3,0,0,6,447
3,0,0,7,0
3,0,0,0,0
3,0,1,6,338
3,0,1,7,789
3,0,1,0,0
3,0,1,1,0
3,0,1,2,0
3,0,1,3,660
3,0,1,4,0
3,0,1,5,6
2,0,0,4,0
2,0,0,5,0
2,0,0,6,0
2,0,0,7,126
2,0,0,0,0
2,0,0,1,0
2,0,0,2,792
2,0,0,3,21
2,0,1,6,159
2,0,1,7,792
2,0,1,0,49
2,0,1,1,192
2,0,1,2,52
2,0,1,3,0
2,0,1,4,343
2,0,1,5,0
1,1,0,4,0
1,1,0,5,795
1,1,0,6,17
1,1,0,7,27
1,1,0,0,529
1,1,0,1,21
1,1,0,2,234
1,1,0,3,19
1,1,1,7,117
1,1,1,0,147
1,1,1,1,0
1,1,1,2,718
1,1,1,3,233
1,1,1,4,773
1,1,1,5,552
1,1,1,6,519
4,0,0,2,0
4,0,0,3,0
4,0,0,4,780
4,0,0,5,785
4,0,0,6,447
4,0,0,7,0
4,0,0,0,0
4,0,0,1,40
4,0,1,2,0
4,0,1,3,377
4,0,1,4,0
4,0,1,5,6
4,0,1,6,615
4,0,1,7,789
4,0,1,0,0
4,0,1,1,0
3,0,0,5,0
3,0,0,6,0
3,0,0,7,126
3,0,0,0,0
3,0,0,1,0
3,0,0,2,792
3,0,0,3,21
3,0,0,4,0
3,0,1,6,159
3,0,1,7,792
3,0,1,0,49
3,0,1,1,192
3,0,1,2,52
3,0,1,3,0
3,0,1,4,343
3,0,1,5,0
5,0,0,4,780
5,0,0,5,785
5,0,0,6,447
5,0,0,7,0
5,0,0,0,0
5,0,0,1,40
5,0,0,2,0
5,0,0,3,0
5,0,1,5,6
5,0,1,6,615
5,0,1,7,789
5,0,1,0,0
5,0,1,1,0
5,0,1,2,0
5,0,1,3,377
5,0,1,4,0
1,1,0,1,706
1,1,0,2,377
1,1,0,3,14
1,1,0,4,799
1,1,0,5,0
1,1,0,6,5
1,1,0,7,0
1,1,0,0,48
1,1,1,4,167
1,1,1,5,679
1,1,1,6,597
1,1,1,7,218
1,1,1,0,2
1,1,1,1,792
1,1,1,2,0
1,1,1,3,108
4,0,0,7,126
4,0,0,0,0
4,0,0,1,0
4,0,0,2,792
4,0,0,3,21
4,0,0,4,0
4,0,0,5,0
4,0,0,6,0
4,0,1,6,158
4,0,1,7,792
4,0,1,0,121
4,0,1,1,188
4,0,1,2,3
4,0,1,3,0
4,0,1,4,246
4,0,1,5,0
6,0,0,4,780
6,0,0,5,785
6,0,0,6,447
6,0,0,7,0
6,0,0,0,0
6,0,0,1,40
6,0,0,2,0
6,0,0,3,0
6,0,1,1,0
6,0,1,2,0
6,0,1,3,418
6,0,1,4,0
6,0,1,5,5
6,0,1,6,436
6,0,1,7,789
6,0,1,0,0
2,2,0,3,12
2,2,0,4,799
2,2,0,5,0
2,2,0,6,4
2,2,0,7,0
2,2,0,0,54
2,2,0,1,707
2,2,0,2,378
2,2,1,4,168
2,2,1,5,605
2,2,1,6,573
2,2,1,7,217
2,2,1,0,2
2,2,1,1,799
2,2,1,2,0
2,2,1,3,106
5,0,0,7,126
5,0,0,0,0
5,0,0,1,0
5,0,0,2,792
5,0,0,3,21
5,0,0,4,0
5,0,0,5,0
5,0,0,6,0
5,0,1,1,188
5,0,1,2,3
5,0,1,3,0
5,0,1,4,246
5,0,1,5,0
5,0,1,6,158
5,0,1,7,792
5,0,1,0,121
7,0,0,4,780
7,0,0,5,785
7,0,0,6,447
7,0,0,7,0
7,0,0,0,0
7,0,0,1,40
7,0,0,2,0
7,0,0,3,0
7,0,1,1,0
7,0,1,2,0
7,0,1,3,418
7,0,1,4,0
7,0,1,5,5
7,0,1,6,436
7,0,1,7,789
7,0,1,0,0
3,3,0,4,799
3,3,0,5,0
3,3,0,6,3
3,3,0,7,1
3,3,0,0,74
3,3,0,1,705
3,3,0,2,366
3,3,0,3,13
3,3,1,2,0
3,3,1,3,102
3,3,1,4,168
3,3,1,5,519
3,3,1,6,569
3,3,1,7,217
3,3,1,0,2
3,3,1,1,796
6,0,0,3,21
6,0,0,4,0
6,0,0,5,0
6,0,0,6,0
6,0,0,7,126
6,0,0,0,0
6,0,0,1,0
6,0,0,2,792
6,0,1,3,0
6,0,1,4,239
6,0,1,5,0
6,0,1,6,139
6,0,1,7,792
6,0,1,0,130
6,0,1,1,198
6,0,1,2,4
8,0,0,2,0
8,0,0,3,0
8,0,0,4,780
8,0,0,5,785
8,0,0,6,447
8,0,0,7,0
8,0,0,0,0
8,0,0,1,40
8,0,1,4,0
8,0,1,5,4
8,0,1,6,267
8,0,1,7,789
8,0,1,0,0
8,0,1,1,0
8,0,1,2,0
8,0,1,3,749
4,4,0,7,0
4,4,0,0,82
4,4,0,1,705
4,4,0,2,365
4,4,0,3,12
4,4,0,4,799
4,4,0,5,0
4,4,0,6,3
4,4,1,2,0
4,4,1,3,88
4,4,1,4,164
4,4,1,5,477
4,4,1,6,581
4,4,1,7,215
4,4,1,0,1
4,4,1,1,799
7,0,0,0,0
7,0,0,1,0
7,0,0,2,792
7,0,0,3,21
7,0,0,4,0
7,0,0,5,0
7,0,0,6,0
7,0,0,7,126
7,0,1,0,130
7,0,1,1,198
7,0,1,2,4
7,0,1,3,0
7,0,1,4,239
7,0,1,5,0
7,0,1,6,139
7,0,1,7,792
9,0,0,1,40
9,0,0,2,0
9,0,0,3,0
9,0,0,4,780
9,0,0,5,785
9,0,0,6,447
9,0,0,7,0
9,0,0,0,0
9,0,1,5,4
9,0,1,6,267
9,0,1,7,789
9,0,1,0,0
9,0,1,1,0
9,0,1,2,0
9,0,1,3,749
9,0,1,4,0
5,5,0,1,707
5,5,0,2,365
5,5,0,3,13
5,5,0,4,799
5,5,0,5,0
5,5,0,6,4
5,5,0,7,0
5,5,0,0,85
5,5,1,1,793
5,5,1,2,2
5,5,1,3,84
5,5,1,4,164
5,5,1,5,445
5,5,1,6,586
5,5,1,7,216
5,5,1,0,5
8,0,0,2,792
8,0,0,3,21
8,0,0,4,0
8,0,0,5,0
8,0,0,6,0
8,0,0,7,126
8,0,0,0,0
8,0,0,1,0
8,0,1,5,0
8,0,1,6,159
8,0,1,7,792
8,0,1,0,118
8,0,1,1,242
8,0,1,2,4
8,0,1,3,0
8,0,1,4,266
10,0,0,4,780
10,0,0,5,785
10,0,0,6,447
10,0,0,7,0
10,0,0,0,0
10,0,0,1,40
10,0,0,2,0
10,0,0,3,0
10,0,1,0,0
10,0,1,1,0
10,0,1,2,0
10,0,1,3,402
10,0,1,4,0
10,0,1,5,15
10,0,1,6,611
10,0,1,7,789
6,6,0,1,705
6,6,0,2,365
6,6,0,3,12
6,6,0,4,799
6,6,0,5,0
6,6,0,6,3
6,6,0,7,0
6,6,0,0,93
6,6,1,4,164
6,6,1,5,414
6,6,1,6,582
6,6,1,7,217
6,6,1,0,1
6,6,1,1,799
6,6,1,2,0
6,6,1,3,83
9,0,0,1,0
9,0,0,2,792
9,0,0,3,21
9,0,0,4,0
9,0,0,5,0
9,0,0,6,0
9,0,0,7,126
9,0,0,0,0
9,0,1,0,118
9,0,1,1,242
9,0,1,2,4
9,0,1,3,0
9,0,1,4,266
9,0,1,5,0
9,0,1,6,159
9,0,1,7,792
11,0,0,7,0
11,0,0,0,0
11,0,0,1,40
11,0,0,2,0
11,0,0,3,0
11,0,0,4,780
11,0,0,5,785
11,0,0,6,447
11,0,1,3,402
11,0,1,4,0
11,0,1,5,15
11,0,1,6,611
11,0,1,7,789
11,0,1,0,0
11,0,1,1,0
11,0,1,2,0
7,7,0,7,0
7,7,0,0,100
7,7,0,1,701
7,7,0,2,366
7,7,0,3,12
7,7,0,4,799
7,7,0,5,0
7,7,0,6,2
7,7,1,0,2
7,7,1,1,797
7,7,1,2,0
7,7,1,3,80
7,7,1,4,164
7,7,1,5,386
7,7,1,6,582
7,7,1,7,218
10,0,0,0,0
10,0,0,1,0
10,0,0,2,792
10,0,0,3,21
10,0,0,4,0
10,0,0,5,0
10,0,0,6,0
10,0,0,7,126
10,0,1,5,0
10,0,1,6,246
10,0,1,7,792
10,0,1,0,14
10,0,1,1,402
10,0,1,2,24
10,0,1,3,0
10,0,1,4,202
12,0,0,3,0
12,0,0,4,780
12,0,0,5,785
12,0,0,6,447
12,0,0,7,0
12,0,0,0,0
12,0,0,1,40
12,0,0,2,0
12,0,1,3,688
12,0,1,4,15
12,0,1,5,11
12,0,1,6,509
12,0,1,7,789
12,0,1,0,0
12,0,1,1,0
12,0,1,2,0
8,8,0,0,108
8,8,0,1,706
8,8,0,2,370
8,8,0,3,13
8,8,0,4,799
8,8,0,5,0
8,8,0,6,3
8,8,0,7,0
8,8,1,7,21
8,8,1,0,1
8,8,1,1,799
8,8,1,2,0
8,8,1,3,84
8,8,1,4,164
8,8,1,5,378
8,8,1,6,689
11,0,0,7,126
11,0,0,0,0
11,0,0,1,0
11,0,0,2,792
11,0,0,3,21
11,0,0,4,0
11,0,0,5,0
11,0,0,6,0
11,0,1,6,246
11,0,1,7,792
11,0,1,0,14
11,0,1,1,402
11,0,1,2,24
11,0,1,3,0
11,0,1,4,202
11,0,1,5,0
13,0,0,1,40
13,0,0,2,0
13,0,0,3,0
13,0,0,4,780
13,0,0,5,785
13,0,0,6,447
13,0,0,7,0
13,0,0,0,0
13,0,1,1,0
13,0,1,2,0
13,0,1,3,688
13,0,1,4,15
13,0,1,5,11
13,0,1,6,509
13,0,1,7,789
13,0,1,0,0
9,9,0,3,12
9,9,0,4,799
9,9,0,5,0
9,9,0,6,4
9,9,0,7,0
9,9,0,0,123
9,9,0,1,717
9,9,0,2,372
9,9,1,1,799
9,9,1,2,0
9,9,1,3,80
9,9,1,4,164
9,9,1,5,324
9,9,1,6,704
9,9,1,7,21
9,9,1,0,2
14,0,0,1,40
14,0,0,2,0
14,0,0,3,0
14,0,0,4,780
14,0,0,5,785
14,0,0,6,447
14,0,0,7,0
14,0,0,0,0
14,0,1,0,0
14,0,1,1,0
14,0,1,2,0
14,0,1,3,591
14,0,1,4,3
14,0,1,5,11
14,0,1,6,570
14,0,1,7,789
15,0,0,3,0
15,0,0,4,780
15,0,0,5,785
15,0,0,6,447
15,0,0,7,0
15,0,0,0,0
15,0,0,1,40
15,0,0,2,0
15,0,1,0,0
15,0,1,1,0
15,0,1,2,0
15,0,1,3,591
15,0,1,4,3
15,0,1,5,11
15,0,1,6,570
15,0,1,7,789
16,0,0,0,0
16,0,0,1,40
16,0,0,2,0
16,0,0,3,0
16,0,0,4,780
16,0,0,5,785
16,0,0,6,447
16,0,0,7,0
16,0,1,1,0
16,0,1,2,0
16,0,1,3,614
16,0,1,4,0
16,0,1,5,5
16,0,1,6,440
16,0,1,7,789
16,0,1,0,0
17,0,0,0,0
17,0,0,1,40
17,0,0,2,0
17,0,0,3,0
17,0,0,4,780
17,0,0,5,785
17,0,0,6,447
17,0,0,7,0
17,0,1,4,0
17,0,1,5,5
17,0,1,6,440
17,0,1,7,789
17,0,1,0,0
17,0,1,1,0
17,0,1,2,0
17,0,1,3,614
18,0,0,2,0
18,0,0,3,0
18,0,0,4,780
18,0,0,5,785
18,0,0,6,447
18,0,0,7,0
18,0,0,0,0
18,0,0,1,40
18,0,1,5,6
18,0,1,6,433
18,0,1,7,789
18,0,1,0,0
18,0,1,1,0
18,0,1,2,0
18,0,1,3,575
18,0,1,4,0
19,0,0,4,780
19,0,0,5,785
19,0,0,6,447
19,0,0,7,0
19,0,0,0,0
19,0,0,1,40
19,0,0,2,0
19,0,0,3,0
19,0,1,1,0
19,0,1,2,0
19,0,1,3,575
19,0,1,4,0
19,0,1,5,6
19,0,1,6,433
19,0,1,7,789
19,0,1,0,0
20,0,0,6,447
20,0,0,7,0
20,0,0,0,0
20,0,0,1,40
20,0,0,2,0
20,0,0,3,0
20,0,0,4,780
20,0,0,5,785
20,0,1,5,5
20,0,1,6,388
20,0,1,7,789
20,0,1,0,0
20,0,1,1,0
20,0,1,2,0
20,0,1,3,502
20,0,1,4,0
21,0,0,6,447
21,0,0,7,0
21,0,0,0,0
21,0,0,1,40
21,0,0,2,0
21,0,0,3,0
21,0,0,4,780
21,0,0,5,785
21,0,1,7,789
21,0,1,0,0
21,0,1,1,0
21,0,1,2,0
21,0,1,3,502
21,0,1,4,0
21,0,1,5,5
21,0,1,6,388
22,0,0,5,785
22,0,0,6,447
22,0,0,7,0
22,0,0,0,0
22,0,0,1,40
22,0,0,2,0
22,0,0,3,0
22,0,0,4,780
22,0,1,4,0
22,0,1,5,5
22,0,1,6,522
22,0,1,7,789
22,0,1,0,0
22,0,1,1,0
22,0,1,2,0
22,0,1,3,512
1,1,0,2,7
1,1,0,3,283
1,1,0,4,140
1,1,0,5,768
1,1,0,6,0
1,1,0,7,782
1,1,0,0,411
1,1,0,1,135
1,1,1,4,0
1,1,1,5,777
1,1,1,6,724
1,1,1,7,147
1,1,1,0,537
1,1,1,1,1
1,1,1,2,1
1,1,1,3,703
2,2,0,7,781
2,2,0,0,409
2,2,0,1,137
2,2,0,2,0
2,2,0,3,281
2,2,0,4,170
2,2,0,5,769
2,2,0,6,0
2,2,1,0,538
2,2,1,1,2
2,2,1,2,0
2,2,1,3,709
2,2,1,4,0
2,2,1,5,735
2,2,1,6,757
2,2,1,7,145
3,3,0,0,396
3,3,0,1,137
3,3,0,2,6
3,3,0,3,332
3,3,0,4,288
3,3,0,5,769
3,3,0,6,0
3,3,0,7,774
3,3,1,2,0
3,3,1,3,722
3,3,1,4,0
3,3,1,5,657
3,3,1,6,778
3,3,1,7,145
3,3,1,0,546
3,3,1,1,0
4,4,0,6,0
4,4,0,7,770
4,4,0,0,390
4,4,0,1,136
4,4,0,2,5
4,4,0,3,353
4,4,0,4,349
4,4,0,5,767
4,4,1,0,486
4,4,1,1,2
4,4,1,2,0
4,4,1,3,727
4,4,1,4,0
4,4,1,5,559
4,4,1,6,786
4,4,1,7,143
5,5,0,6,0
5,5,0,7,762
5,5,0,0,380
5,5,0,1,136
5,5,0,2,7
5,5,0,3,339
5,5,0,4,437
5,5,0,5,766
5,5,1,6,796
5,5,1,7,145
5,5,1,0,513
5,5,1,1,2
5,5,1,2,0
5,5,1,3,736
5,5,1,4,0
5,5,1,5,483
6,6,0,2,8
6,6,0,3,315
6,6,0,4,510
6,6,0,5,763
6,6,0,6,1
6,6,0,7,766
6,6,0,0,371
6,6,0,1,136
6,6,1,0,498
6,6,1,1,1
6,6,1,2,1
6,6,1,3,739
6,6,1,4,0
6,6,1,5,390
6,6,1,6,796
6,6,1,7,154
7,7,0,1,153
7,7,0,2,6
7,7,0,3,273
7,7,0,4,567
7,7,0,5,761
7,7,0,6,0
7,7,0,7,758
7,7,0,0,369
7,7,1,1,2
7,7,1,2,0
7,7,1,3,738
7,7,1,4,0
7,7,1,5,345
7,7,1,6,796
7,7,1,7,154
7,7,1,0,511
8,8,0,5,759
8,8,0,6,0
8,8,0,7,758
8,8,0,0,364
8,8,0,1,153
8,8,0,2,9
8,8,0,3,258
8,8,0,4,566
8,8,1,5,300
8,8,1,6,789
8,8,1,7,153
8,8,1,0,501
8,8,1,1,1
8,8,1,2,0
8,8,1,3,735
8,8,1,4,0
9,9,0,5,772
9,9,0,6,0
9,9,0,7,741
9,9,0,0,377
9,9,0,1,153
9,9,0,2,8
9,9,0,3,251
9,9,0,4,558
9,9,1,0,494
9,9,1,1,1
9,9,1,2,0
9,9,1,3,737
9,9,1,4,0
9,9,1,5,274
9,9,1,6,797
9,9,1,7,154
10,10,0,2,4
10,10,0,3,254
10,10,0,4,548
10,10,0,5,792
10,10,0,6,0
10,10,0,7,713
10,10,0,0,394
10,10,0,1,138
10,10,1,7,155
10,10,1,0,479
10,10,1,1,2
10,10,1,2,0
10,10,1,3,734
10,10,1,4,0
10,10,1,5,185
10,10,1,6,798
11,11,0,4,557
11,11,0,5,793
11,11,0,6,0
11,11,0,7,680
11,11,0,0,403
11,11,0,1,139
11,11,0,2,4
11,11,0,3,237
11,11,1,1,2
11,11,1,2,0
11,11,1,3,720
11,11,1,4,1
11,11,1,5,190
11,11,1,6,798
11,11,1,7,157
11,11,1,0,447
12,12,0,5,791
12,12,0,6,0
12,12,0,7,625
12,12,0,0,400
12,12,0,1,138
12,12,0,2,0
12,12,0,3,236
12,12,0,4,544
12,12,1,3,731
12,12,1,4,0
12,12,1,5,196
12,12,1,6,799
12,12,1,7,153
12,12,1,0,411
12,12,1,1,1
12,12,1,2,0
13,13,0,6,0
13,13,0,7,604
13,13,0,0,380
13,13,0,1,140
13,13,0,2,3
13,13,0,3,231
13,13,0,4,513
13,13,0,5,798
13,13,1,3,696
13,13,1,4,0
13,13,1,5,206
13,13,1,6,799
13,13,1,7,153
13,13,1,0,371
13,13,1,1,1
13,13,1,2,0
14,14,0,1,145
14,14,0,2,4
14,14,0,3,230
14,14,0,4,482
14,14,0,5,793
14,14,0,6,0
14,14,0,7,581
14,14,0,0,218
14,14,1,2,0
14,14,1,3,683
14,14,1,4,0
14,14,1,5,205
14,14,1,6,799
14,14,1,7,153
14,14,1,0,343
14,14,1,1,2
1,1,0,6,796
1,1,0,7,5
1,1,0,0,7
1,1,0,1,0
1,1,0,2,0
1,1,0,3,229
1,1,0,4,21
1,1,0,5,311
1,1,1,5,1
1,1,1,6,21
1,1,1,7,115
1,1,1,0,0
1,1,1,1,0
1,1,1,2,0
1,1,1,3,121
1,1,1,4,796
2,2,0,5,307
2,2,0,6,796
2,2,0,7,0
2,2,0,0,11
2,2,0,1,0
2,2,0,2,0
2,2,0,3,237
2,2,0,4,18
2,2,1,1,1
2,2,1,2,0
2,2,1,3,127
2,2,1,4,796
2,2,1,5,0
2,2,1,6,20
2,2,1,7,114
2,2,1,0,1
3,3,0,5,308
3,3,0,6,796
3,3,0,7,2
3,3,0,0,9
3,3,0,1,0
3,3,0,2,0
3,3,0,3,244
3,3,0,4,19
3,3,1,4,790
3,3,1,5,2
3,3,1,6,23
3,3,1,7,117
3,3,1,0,3
3,3,1,1,3
3,3,1,2,1
3,3,1,3,115
4,4,0,1,0
4,4,0,2,0
4,4,0,3,246
4,4,0,4,19
4,4,0,5,311
4,4,0,6,796
4,4,0,7,3
4,4,0,0,9
4,4,1,3,106
4,4,1,4,796
4,4,1,5,2
4,4,1,6,20
4,4,1,7,141
4,4,1,0,0
4,4,1,1,2
4,4,1,2,0
5,5,0,3,244
5,5,0,4,22
5,5,0,5,312
5,5,0,6,796
5,5,0,7,3
5,5,0,0,9
5,5,0,1,0
5,5,0,2,0
5,5,1,0,1
5,5,1,1,1
5,5,1,2,0
5,5,1,3,105
5,5,1,4,796
5,5,1,5,2
5,5,1,6,19
5,5,1,7,147
6,6,0,4,23
6,6,0,5,313
6,6,0,6,796
6,6,0,7,2
6,6,0,0,7
6,6,0,1,0
6,6,0,2,0
6,6,0,3,239
6,6,1,0,2
6,6,1,1,1
6,6,1,2,0
6,6,1,3,133
6,6,1,4,796
6,6,1,5,2
6,6,1,6,18
6,6,1,7,148
7,7,0,0,5
7,7,0,1,0
7,7,0,2,0
7,7,0,3,226
7,7,0,4,28
7,7,0,5,313
7,7,0,6,790
7,7,0,7,6
7,7,1,4,796
7,7,1,5,1
7,7,1,6,19
7,7,1,7,149
7,7,1,0,0
7,7,1,1,0
7,7,1,2,0
7,7,1,3,147
8,8,0,2,0
8,8,0,3,214
8,8,0,4,22
8,8,0,5,310
8,8,0,6,796
8,8,0,7,1
8,8,0,0,11
8,8,0,1,0
8,8,1,2,0
8,8,1,3,148
8,8,1,4,796
8,8,1,5,0
8,8,1,6,19
8,8,1,7,155
8,8,1,0,1
8,8,1,1,0
9,9,0,4,22
9,9,0,5,307
9,9,0,6,796
9,9,0,7,2
9,9,0,0,10
9,9,0,1,0
9,9,0,2,0
9,9,0,3,203
9,9,1,7,166
9,9,1,0,0
9,9,1,1,0
9,9,1,2,0
9,9,1,3,143
9,9,1,4,796
9,9,1,5,0
9,9,1,6,22
10,10,0,3,213
10,10,0,4,21
10,10,0,5,311
10,10,0,6,796
10,10,0,7,1
10,10,0,0,11
10,10,0,1,0
10,10,0,2,0
10,10,1,7,366
10,10,1,0,2
10,10,1,1,0
10,10,1,2,0
10,10,1,3,135
10,10,1,4,796
10,10,1,5,0
10,10,1,6,18
11,11,0,1,0
11,11,0,2,0
11,11,0,3,217
11,11,0,4,21
11,11,0,5,312
11,11,0,6,796
11,11,0,7,1
11,11,0,0,9
11,11,1,3,137
11,11,1,4,796
11,11,1,5,1
11,11,1,6,18
11,11,1,7,368
11,11,1,0,0
11,11,1,1,3
11,11,1,2,0
12,12,0,2,0
12,12,0,3,240
12,12,0,4,19
12,12,0,5,328
12,12,0,6,796
12,12,0,7,1
12,12,0,0,7
12,12,0,1,0
12,12,1,4,796
12,12,1,5,0
12,12,1,6,19
12,12,1,7,376
12,12,1,0,0
12,12,1,1,2
12,12,1,2,0
12,12,1,3,131
13,13,0,1,0
13,13,0,2,0
13,13,0,3,243
13,13,0,4,20
13,13,0,5,327
13,13,0,6,790
13,13,0,7,6
13,13,0,0,11
13,13,1,5,2
13,13,1,6,21
13,13,1,7,384
13,13,1,0,1
13,13,1,1,0
13,13,1,2,0
13,13,1,3,121
13,13,1,4,796
14,14,0,2,0
14,14,0,3,246
14,14,0,4,6
14,14,0,5,327
14,14,0,6,796
14,14,0,7,1
14,14,0,0,8
14,14,0,1,0
14,14,1,1,5
14,14,1,2,0
14,14,1,3,107
14,14,1,4,790
14,14,1,5,2
14,14,1,6,21
14,14,1,7,389
14,14,1,0,0
15,15,0,4,6
15,15,0,5,329
15,15,0,6,796
15,15,0,7,1
15,15,0,0,9
15,15,0,1,0
15,15,0,2,0
15,15,0,3,247
15,15,1,4,796
15,15,1,5,0
15,15,1,6,19
15,15,1,7,402
15,15,1,0,2
15,15,1,1,0
15,15,1,2,0
15,15,1,3,91
16,16,0,7,2
16,16,0,0,9
16,16,0,1,0
16,16,0,2,0
16,16,0,3,245
16,16,0,4,5
16,16,0,5,330
16,16,0,6,796
16,16,1,6,19
16,16,1,7,403
16,16,1,0,0
16,16,1,1,1
16,16,1,2,0
16,16,1,3,87
16,16,1,4,796
16,16,1,5,1
17,17,0,3,252
17,17,0,4,6
17,17,0,5,324
17,17,0,6,796
17,17,0,7,3
17,17,0,0,10
17,17,0,1,0
17,17,0,2,0
17,17,1,7,402
17,17,1,0,0
17,17,1,1,1
17,17,1,2,0
17,17,1,3,82
17,17,1,4,796
17,17,1,5,0
17,17,1,6,19
18,18,0,4,9
18,18,0,5,331
18,18,0,6,790
18,18,0,7,4
18,18,0,0,11
18,18,0,1,0
18,18,0,2,0
18,18,0,3,263
18,18,1,3,84
18,18,1,4,796
18,18,1,5,1
18,18,1,6,21
18,18,1,7,401
18,18,1,0,0
18,18,1,1,0
18,18,1,2,0
19,19,0,2,0
19,19,0,3,312
19,19,0,4,4
19,19,0,5,325
19,19,0,6,796
19,19,0,7,5
19,19,0,0,10
19,19,0,1,0
19,19,1,4,796
19,19,1,5,0
19,19,1,6,21
19,19,1,7,400
19,19,1,0,0
19,19,1,1,0
19,19,1,2,0
19,19,1,3,80
20,20,0,4,3
20,20,0,5,332
20,20,0,6,796
20,20,0,7,4
20,20,0,0,5
20,20,0,1,0
20,20,0,2,0
20,20,0,3,315
20,20,1,3,62
20,20,1,4,796
20,20,1,5,0
20,20,1,6,19
20,20,1,7,385
20,20,1,0,0
20,20,1,1,3
20,20,1,2,0
21,21,0,7,2
21,21,0,0,9
21,21,0,1,0
21,21,0,2,0
21,21,0,3,342
21,21,0,4,5
21,21,0,5,326
21,21,0,6,796
21,21,1,1,2
21,21,1,2,0
21,21,1,3,57
21,21,1,4,796
21,21,1,5,1
21,21,1,6,18
21,21,1,7,388
21,21,1,0,1
22,22,0,0,11
22,22,0,1,0
22,22,0,2,0
22,22,0,3,383
22,22,0,4,4
22,22,0,5,343
22,22,0,6,796
22,22,0,7,3
22,22,1,5,0
22,22,1,6,30
22,22,1,7,378
22,22,1,0,2
22,22,1,1,1
22,22,1,2,0
22,22,1,3,57
22,22,1,4,796
23,23,0,1,0
23,23,0,2,0
23,23,0,3,397
23,23,0,4,2
23,23,0,5,341
23,23,0,6,796
23,23,0,7,3
23,23,0,0,12
23,23,1,3,56
23,23,1,4,796
23,23,1,5,2
23,23,1,6,29
23,23,1,7,377
23,23,1,0,1
23,23,1,1,2
23,23,1,2,0
24,24,0,6,796
24,24,0,7,2
24,24,0,0,9
24,24,0,1,0
24,24,0,2,0
24,24,0,3,408
24,24,0,4,3
24,24,0,5,398
24,24,1,5,0
24,24,1,6,31
24,24,1,7,380
24,24,1,0,1
24,24,1,1,0
24,24,1,2,0
24,24,1,3,52
24,24,1,4,796
25,25,0,7,0
25,25,0,0,10
25,25,0,1,0
25,25,0,2,0
25,25,0,3,458
25,25,0,4,4
25,25,0,5,397
25,25,0,6,796
25,25,1,2,0
25,25,1,3,22
25,25,1,4,796
25,25,1,5,0
25,25,1,6,30
25,25,1,7,403
25,25,1,0,1
25,25,1,1,2
26,26,0,7,1
26,26,0,0,12
26,26,0,1,0
26,26,0,2,0
26,26,0,3,566
26,26,0,4,3
26,26,0,5,404
26,26,0,6,790
26,26,1,2,0
26,26,1,3,14
26,26,1,4,796
26,26,1,5,1
26,26,1,6,31
26,26,1,7,410
26,26,1,0,1
26,26,1,1,0
1,1,0,3,23
1,1,0,4,0
1,1,0,5,0
1,1,0,6,254
1,1,0,7,288
1,1,0,0,793
1,1,0,1,108
1,1,0,2,0
1,1,1,3,0
1,1,1,4,771
1,1,1,5,0
1,1,1,6,707
1,1,1,7,380
1,1,1,0,95
1,1,1,1,703
1,1,1,2,345
2,2,0,2,0
2,2,0,3,23
2,2,0,4,0
2,2,0,5,0
2,2,0,6,254
2,2,0,7,255
2,2,0,0,793
2,2,0,1,108
2,2,1,7,355
2,2,1,0,97
2,2,1,1,689
2,2,1,2,389
2,2,1,3,0
2,2,1,4,775
2,2,1,5,0
2,2,1,6,701
3,3,0,0,793
3,3,0,1,108
3,3,0,2,0
3,3,0,3,23
3,3,0,4,0
3,3,0,5,0
3,3,0,6,254
3,3,0,7,248
3,3,1,1,676
3,3,1,2,422
3,3,1,3,0
3,3,1,4,775
3,3,1,5,0
3,3,1,6,695
3,3,1,7,350
3,3,1,0,97
4,4,0,6,254
4,4,0,7,225
4,4,0,0,793
4,4,0,1,108
4,4,0,2,0
4,4,0,3,23
4,4,0,4,0
4,4,0,5,0
4,4,1,0,97
4,4,1,1,662
4,4,1,2,442
4,4,1,3,0
4,4,1,4,775
4,4,1,5,0
4,4,1,6,701
4,4,1,7,326
5,5,0,7,223
5,5,0,0,793
5,5,0,1,108
5,5,0,2,0
5,5,0,3,22
5,5,0,4,0
5,5,0,5,0
5,5,0,6,255
5,5,1,3,0
5,5,1,4,771
5,5,1,5,0
5,5,1,6,716
5,5,1,7,317
5,5,1,0,97
5,5,1,1,643
5,5,1,2,483
6,6,0,5,0
6,6,0,6,255
6,6,0,7,212
6,6,0,0,793
6,6,0,1,108
6,6,0,2,0
6,6,0,3,23
6,6,0,4,0
6,6,1,6,713
6,6,1,7,310
6,6,1,0,93
6,6,1,1,621
6,6,1,2,495
6,6,1,3,0
6,6,1,4,770
6,6,1,5,0
7,7,0,1,108
7,7,0,2,0
7,7,0,3,22
7,7,0,4,0
7,7,0,5,0
7,7,0,6,257
7,7,0,7,206
7,7,0,0,793
7,7,1,3,0
7,7,1,4,770
7,7,1,5,0
7,7,1,6,708
7,7,1,7,293
7,7,1,0,94
7,7,1,1,616
7,7,1,2,503
8,8,0,3,23
8,8,0,4,0
8,8,0,5,0
8,8,0,6,256
8,8,0,7,200
8,8,0,0,793
8,8,0,1,108
8,8,0,2,0
8,8,1,1,646
8,8,1,2,503
8,8,1,3,0
8,8,1,4,771
8,8,1,5,0
8,8,1,6,698
8,8,1,7,287
8,8,1,0,93
9,9,0,2,0
9,9,0,3,22
9,9,0,4,0
9,9,0,5,0
9,9,0,6,257
9,9,0,7,199
9,9,0,0,793
9,9,0,1,106
9,9,1,0,93
9,9,1,1,658
9,9,1,2,496
9,9,1,3,1
9,9,1,4,771
9,9,1,5,0
9,9,1,6,695
9,9,1,7,287
10,10,0,5,0
10,10,0,6,257
10,10,0,7,201
10,10,0,0,793
10,10,0,1,105
10,10,0,2,0
10,10,0,3,23
10,10,0,4,0
10,10,1,3,0
10,10,1,4,771
10,10,1,5,0
10,10,1,6,705
10,10,1,7,277
10,10,1,0,93
10,10,1,1,662
10,10,1,2,493
11,11,0,3,24
11,11,0,4,0
11,11,0,5,0
11,11,0,6,257
11,11,0,7,201
11,11,0,0,793
11,11,0,1,103
11,11,0,2,0
11,11,1,0,92
11,11,1,1,683
11,11,1,2,494
11,11,1,3,0
11,11,1,4,769
11,11,1,5,0
11,11,1,6,699
11,11,1,7,286
12,12,0,6,257
12,12,0,7,201
12,12,0,0,793
12,12,0,1,39
12,12,0,2,0
12,12,0,3,24
12,12,0,4,0
12,12,0,5,0
12,12,1,6,704
12,12,1,7,299
12,12,1,0,92
12,12,1,1,695
12,12,1,2,517
12,12,1,3,0
12,12,1,4,763
12,12,1,5,0
13,13,0,3,25
13,13,0,4,0
13,13,0,5,0
13,13,0,6,261
13,13,0,7,203
13,13,0,0,787
13,13,0,1,40
13,13,0,2,0
13,13,1,0,90
13,13,1,1,701
13,13,1,2,506
13,13,1,3,0
13,13,1,4,763
13,13,1,5,0
13,13,1,6,707
13,13,1,7,303
14,14,0,0,793
14,14,0,1,37
14,14,0,2,0
14,14,0,3,24
14,14,0,4,0
14,14,0,5,0
14,14,0,6,257
14,14,0,7,203
14,14,1,1,691
14,14,1,2,540
14,14,1,3,1
14,14,1,4,760
14,14,1,5,0
14,14,1,6,705
14,14,1,7,318
14,14,1,0,88
15,15,0,3,24
15,15,0,4,0
15,15,0,5,0
15,15,0,6,257
15,15,0,7,207
15,15,0,0,793
15,15,0,1,38
15,15,0,2,0
15,15,1,7,510
15,15,1,0,88
15,15,1,1,683
15,15,1,2,554
15,15,1,3,1
15,15,1,4,757
15,15,1,5,0
15,15,1,6,610
16,16,0,3,24
16,16,0,4,0
16,16,0,5,0
16,16,0,6,255
16,16,0,7,211
16,16,0,0,793
16,16,0,1,40
16,16,0,2,0
16,16,1,1,676
16,16,1,2,573
16,16,1,3,1
16,16,1,4,749
16,16,1,5,0
16,16,1,6,636
16,16,1,7,520
16,16,1,0,88
17,17,0,7,213
17,17,0,0,793
17,17,0,1,41
17,17,0,2,0
17,17,0,3,24
17,17,0,4,0
17,17,0,5,0
17,17,0,6,255
17,17,1,3,1
17,17,1,4,747
17,17,1,5,0
17,17,1,6,635
17,17,1,7,532
17,17,1,0,86
17,17,1,1,641
17,17,1,2,608
1,1,0,6,673
1,1,0,7,779
1,1,0,0,3
1,1,0,1,13
1,1,0,2,771
1,1,0,3,1
1,1,0,4,280
1,1,0,5,0
1,1,1,2,368
1,1,1,3,798
1,1,1,4,0
1,1,1,5,122
1,1,1,6,0
1,1,1,7,75
1,1,1,0,658
1,1,1,1,0
2,2,0,3,1
2,2,0,4,280
2,2,0,5,0
2,2,0,6,668
2,2,0,7,787
2,2,0,0,3
2,2,0,1,15
2,2,0,2,762
2,2,1,4,0
2,2,1,5,126
2,2,1,6,0
2,2,1,7,75
2,2,1,0,664
2,2,1,1,0
2,2,1,2,371
2,2,1,3,798
3,3,0,0,3
3,3,0,1,16
3,3,0,2,762
3,3,0,3,1
3,3,0,4,280
3,3,0,5,0
3,3,0,6,666
3,3,0,7,788
3,3,1,4,0
3,3,1,5,121
3,3,1,6,0
3,3,1,7,124
3,3,1,0,665
3,3,1,1,0
3,3,1,2,329
3,3,1,3,798
4,4,0,1,16
4,4,0,2,761
4,4,0,3,2
4,4,0,4,280
4,4,0,5,0
4,4,0,6,673
4,4,0,7,786
4,4,0,0,3
4,4,1,5,131
4,4,1,6,0
4,4,1,7,297
4,4,1,0,681
4,4,1,1,0
4,4,1,2,157
4,4,1,3,798
4,4,1,4,0
5,5,0,6,676
5,5,0,7,786
5,5,0,0,3
5,5,0,1,16
5,5,0,2,761
5,5,0,3,1
5,5,0,4,280
5,5,0,5,0
5,5,1,1,0
5,5,1,2,251
5,5,1,3,798
5,5,1,4,0
5,5,1,5,173
5,5,1,6,0
5,5,1,7,308
5,5,1,0,705
6,6,0,1,16
6,6,0,2,753
6,6,0,3,1
6,6,0,4,282
6,6,0,5,0
6,6,0,6,697
6,6,0,7,785
6,6,0,0,3
6,6,1,3,796
6,6,1,4,0
6,6,1,5,158
6,6,1,6,0
6,6,1,7,307
6,6,1,0,740
6,6,1,1,0
6,6,1,2,254
7,7,0,3,1
7,7,0,4,281
7,7,0,5,0
7,7,0,6,749
7,7,0,7,784
7,7,0,0,3
7,7,0,1,18
7,7,0,2,737
7,7,1,6,0
7,7,1,7,359
7,7,1,0,782
7,7,1,1,0
7,7,1,2,242
7,7,1,3,794
7,7,1,4,0
7,7,1,5,122
8,8,0,1,18
8,8,0,2,731
8,8,0,3,2
8,8,0,4,281
8,8,0,5,0
8,8,0,6,757
8,8,0,7,784
8,8,0,0,3
8,8,1,6,0
8,8,1,7,362
8,8,1,0,788
8,8,1,1,0
8,8,1,2,268
8,8,1,3,794
8,8,1,4,0
8,8,1,5,118
9,9,0,6,779
9,9,0,7,777
9,9,0,0,3
9,9,0,1,21
9,9,0,2,711
9,9,0,3,2
9,9,0,4,281
9,9,0,5,0
9,9,1,4,0
9,9,1,5,113
9,9,1,6,0
9,9,1,7,379
9,9,1,0,786
9,9,1,1,0
9,9,1,2,242
9,9,1,3,791
1,1,0,7,331
1,1,0,0,2
1,1,0,1,1139
1,1,0,2,0
1,1,0,3,0
1,1,0,4,14
1,1,0,5,634
1,1,0,6,242
1,1,1,2,1143
1,1,1,3,313
1,1,1,4,3
1,1,1,5,8
1,1,1,6,0
1,1,1,7,74
1,1,1,0,262
1,1,1,1,0
2,2,0,1,1150
2,2,0,2,0
2,2,0,3,0
2,2,0,4,14
2,2,0,5,595
2,2,0,6,237
2,2,0,7,301
2,2,0,0,2
2,2,1,2,1152
2,2,1,3,313
2,2,1,4,3
2,2,1,5,5
2,2,1,6,0
2,2,1,7,54
2,2,1,0,261
2,2,1,1,0
3,3,0,0,2
3,3,0,1,1150
3,3,0,2,0
3,3,0,3,0
3,3,0,4,14
3,3,0,5,561
3,3,0,6,236
3,3,0,7,273
3,3,1,1,0
3,3,1,2,1152
3,3,1,3,313
3,3,1,4,3
3,3,1,5,5
3,3,1,6,0
3,3,1,7,40
3,3,1,0,261
4,4,0,4,14
4,4,0,5,418
4,4,0,6,438
4,4,0,7,218
4,4,0,0,2
4,4,0,1,1150
4,4,0,2,0
4,4,0,3,0
4,4,1,6,0
4,4,1,7,37
4,4,1,0,260
4,4,1,1,0
4,4,1,2,1152
4,4,1,3,313
4,4,1,4,3
4,4,1,5,5
5,5,0,1,1150
5,5,0,2,0
5,5,0,3,0
5,5,0,4,14
5,5,0,5,445
5,5,0,6,440
5,5,0,7,178
5,5,0,0,2
5,5,1,1,0
5,5,1,2,1152
5,5,1,3,312
5,5,1,4,6
5,5,1,5,5
5,5,1,6,0
5,5,1,7,16
5,5,1,0,257
6,6,0,4,14
6,6,0,5,445
6,6,0,6,442
6,6,0,7,191
6,6,0,0,4
6,6,0,1,1150
6,6,0,2,0
6,6,0,3,0
6,6,1,5,5
6,6,1,6,0
6,6,1,7,16
6,6,1,0,260
6,6,1,1,0
6,6,1,2,1152
6,6,1,3,312
6,6,1,4,3
7,7,0,2,0
7,7,0,3,0
7,7,0,4,14
7,7,0,5,448
7,7,0,6,443
7,7,0,7,193
7,7,0,0,6
7,7,0,1,1150
7,7,1,0,258
7,7,1,1,0
7,7,1,2,1152
7,7,1,3,312
7,7,1,4,3
7,7,1,5,5
7,7,1,6,0
7,7,1,7,16
8,8,0,0,9
8,8,0,1,1149
8,8,0,2,0
8,8,0,3,0
8,8,0,4,13
8,8,0,5,482
8,8,0,6,449
8,8,0,7,191
8,8,1,4,3
8,8,1,5,5
8,8,1,6,0
8,8,1,7,16
8,8,1,0,258
8,8,1,1,0
8,8,1,2,1152
8,8,1,3,313
9,9,0,3,0
9,9,0,4,13
9,9,0,5,484
9,9,0,6,450
9,9,0,7,198
9,9,0,0,14
9,9,0,1,1149
9,9,0,2,0
9,9,1,1,0
9,9,1,2,1152
9,9,1,3,313
9,9,1,4,3
9,9,1,5,5
9,9,1,6,0
9,9,1,7,16
9,9,1,0,258
10,10,0,6,453
10,10,0,7,190
10,10,0,0,16
10,10,0,1,1140
10,10,0,2,0
10,10,0,3,0
10,10,0,4,13
10,10,0,5,491
10,10,1,3,312
10,10,1,4,3
10,10,1,5,5
10,10,1,6,0
10,10,1,7,16
10,10,1,0,257
10,10,1,1,0
10,10,1,2,1152
