"conversation_id","turn_sequence","role","content"
"conv_001",1,"system","You are a helpful assistant."
"conv_001",2,"user","The application is running out of memory."
"conv_001",3,"assistant","Have you profiled the heap to see what is allocating the most data?"
"conv_001",4,"user","I did, and it shows millions of small objects staying alive."
"conv_001",5,"assistant","That sounds like a pointer leak or a global slice holding references. Check if you are forgetting to close short-lived connections."
"conv_002",1,"system","You are a helpful assistant."
"conv_002",2,"user","Can you check why the build pipeline failed?"
"conv_002",3,"assistant","Please share the error log or the stage where the failure occurred."
"conv_002",4,"user","It failed during the integration tests step with a timeout."
"conv_002",5,"assistant","A timeout usually indicates a deadlocked resource, a missing environment variable, or an unreachable database dependency in your test container."
"conv_003",1,"system","You are a helpful assistant."
"conv_003",2,"user","I need to optimize a SQL query that is running very slow."
"conv_003",3,"assistant","Can you provide the query and the schema or indexes on the target table?"
"conv_003",4,"user","It is a select statement with three inner joins on large tables."
"conv_003",5,"assistant","Make sure the joining columns are indexed and run an EXPLAIN plan to check for costly full-table scans."
"conv_004",1,"system","You are a helpful assistant."
"conv_004",2,"user","The API is throwing a 403 Forbidden error intermittently."
"conv_004",3,"assistant","Is it happening for all users, or only for specific endpoints?"
"conv_004",4,"user","Only when trying to update user profiles via the PUT route."
"conv_004",5,"assistant","Check your RBAC or token validation logic for that specific route; the middleware might be dropping claims or missing a scope check."
"conv_005",1,"system","You are a helpful assistant."
"conv_005",2,"user","Should we switch our service mesh to use gRPC instead of REST?"
"conv_005",3,"assistant","gRPC offers better performance via HTTP/2, but it adds complexity. What is your primary bottleneck right now?"
"conv_005",4,"user","We need lower latency and smaller payload sizes between internal microservices."
"conv_005",5,"assistant","In that case, gRPC is highly beneficial. Protobuf serialization is significantly more compact and faster to parse than JSON."
"conv_006",1,"system","You are a helpful assistant."
"conv_006",2,"user","The docker container exits immediately after starting up."
"conv_006",3,"assistant","What is the exit code, and what logs does it print before closing?"
"conv_006",4,"user","It returns exit code 0 and prints absolutely nothing."
"conv_006",5,"assistant","Exit code 0 means the primary process completed successfully. Ensure your entrypoint script doesn't just run a background task and immediately finish."
"conv_007",1,"system","You are a helpful assistant."
"conv_007",2,"user","I am seeing a lot of duplicate messages in our Kafka consumer queue."
"conv_007",3,"assistant","Are your consumers configured for at-least-once or exactly-once delivery?"
"conv_007",4,"user","They are set to at-least-once, and we manually commit offsets."
"conv_007",5,"assistant","If a consumer crashes before committing, the message will be re-delivered. You need to make your processing logic idempotent."
"conv_008",1,"system","You are a helpful assistant."
"conv_008",2,"user","How do I securely store API keys in our cloud environment?"
"conv_008",3,"assistant","You should use a managed secrets manager rather than hardcoding them or saving them in plain environment variables."
"conv_008",4,"user","We are deployed on AWS. Which service should we use?"
"conv_008",5,"assistant","Use AWS Secrets Manager or Systems Manager Parameter Store with KMS encryption, and inject them via IAM roles at runtime."
"conv_009",1,"system","You are a helpful assistant."
"conv_009",2,"user","Our cache hit rate has dropped significantly this morning."
"conv_009",3,"assistant","Did the access pattern change, or was there a recent deployment that altered cache keys?"
"conv_009",4,"user","We updated the key format to include a dynamic timestamp parameter."
"conv_009",5,"assistant","Including a dynamic timestamp means keys will never match across requests, effectively rendering the cache useless. You should remove the timestamp."
"conv_010",1,"system","You are a helpful assistant."
"conv_010",2,"user","I am hitting rate limits on an external webhook we rely on."
"conv_010",3,"assistant","Can you introduce a queue or a throttling mechanism on your outgoing requests?"
"conv_010",4,"user","Yes, we can drop a worker pool in front of it to control concurrency."
"conv_010",5,"assistant","Perfect. A worker pool combined with an exponential backoff retry strategy will gracefully handle those rate limits without losing data."
"conv_011",1,"system","You are a helpful assistant."
"conv_011",2,"user","The frontend is taking over 5 seconds to become interactive."
"conv_011",3,"assistant","Have you run a bundle analysis to see what dependencies are bloating your initial JS payload?"
"conv_011",4,"user","Our main bundle is nearly 4MB because of several heavy graphing libraries."
"conv_011",5,"assistant","You need to implement code-splitting and dynamic imports so those graphing libraries are only loaded when a user actually navigates to the dashboard."
"conv_012",1,"system","You are a helpful assistant."
"conv_012",2,"user","We are getting git merge conflicts every time we try to sync main."
"conv_012",3,"assistant","Are multiple developers modifying the exact same lines of code, or are your feature branches staying open too long?"
"conv_012",4,"user","Branches are staying open for weeks before being merged."
"conv_012",5,"assistant","That is the main issue. Move toward a continuous integration pattern with smaller, short-lived branches and pull main into them daily."
"conv_013",1,"system","You are a helpful assistant."
"conv_013",2,"user","The security scanner flagged a critical CVE in our base image."
"conv_013",3,"assistant","What is the base image you are currently using for your Dockerfiles?"
"conv_013",4,"user","We are using the latest generic ubuntu image."
"conv_013",5,"assistant","Switching to a minimal, hardened base image like alpine or a distroless image will drastically reduce your attack surface and clear up the CVE."
"conv_014",1,"system","You are a helpful assistant."
"conv_014",2,"user","Our microservices keep failing when a dependent service goes down."
"conv_014",3,"assistant","You need to implement a fault-tolerance pattern to decouple them. Have you looked into circuit breakers?"
"conv_014",4,"user","No, how would a circuit breaker help in this scenario?"
"conv_014",5,"assistant","It will intercept calls to the failing service and immediately return a fallback response or cached data, preventing cascading failures across your cluster."
"conv_015",1,"system","You are a helpful assistant."
"conv_015",2,"user","Is there an easy way to automate database migrations during CD?"
"conv_015",3,"assistant","Yes, you can run migrations as an initialization step or a distinct job right before rolling out the new application containers."
"conv_015",4,"user","What happens if a migration fails halfway through the step?"
"conv_015",5,"assistant","Ensure your migration tool uses transactional migrations so it automatically rolls back changes if an error occurs, preserving database integrity."
"conv_016",1,"system","You are a helpful assistant."
"conv_016",2,"user","Our web app is vulnerable to Cross-Site Scripting attacks according to an audit."
"conv_016",3,"assistant","Are you raw-rendering user inputs somewhere in your templates or DOM?"
"conv_016",4,"user","Yes, we inject markdown commentary directly via an innerHTML property."
"conv_016",5,"assistant","You must run that input through a sanitization library to strip out executable script tags before mounting it to the DOM."
"conv_017",1,"system","You are a helpful assistant."
"conv_017",2,"user","The disk space on our primary server keeps filling up every week."
"conv_017",3,"assistant","Check your log rotation configuration. Unmanaged logs are the most common cause of gradual disk bloating."
"conv_017",4,"user","I checked, and the debug.log file is currently sitting at 120GB."
"conv_017",5,"assistant","Configure a utility like logrotate to compress and truncate that file daily, and change your default log level from debug to info in production."
"conv_018",1,"system","You are a helpful assistant."
"conv_018",2,"user","We need to scale our database read capacity urgently."
"conv_018",3,"assistant","Are you currently routing all your read queries to the primary database node?"
"conv_018",4,"user","Yes, everything uses a single global connection string right now."
"conv_018",5,"assistant","Set up a read replica cluster and modify your application infrastructure to route SELECT queries to the replicas while keeping updates on the primary."
"conv_019",1,"system","You are a helpful assistant."
"conv_019",2,"user","Our load balancer is dropping connections during traffic bursts."
"conv_019",3,"assistant","Is the load balancer failing to scale up fast enough, or are the target nodes unhealthy?"
"conv_019",4,"user","The backend nodes are reaching 100% CPU and failing health checks."
"conv_019",5,"assistant","The load balancer is fine; your backend autoscaling rules are lagging. Trigger scaling policies at 70% CPU instead of waiting for a total overload."
"conv_020",1,"system","You are a helpful assistant."
"conv_020",2,"user","I am getting intermittent CORS errors when hitting our API from localhost."
"conv_020",3,"assistant","Does your API server have an explicit allowed-origins header configured?"
"conv_020",4,"user","It allows our production domain, but localhost isn't listed anywhere."
"conv_020",5,"assistant","You need to add your local development origin to the permitted list inside your application's CORS middleware configuration."
"conv_021",1,"system","You are a helpful assistant."
"conv_021",2,"user","Our websocket connections close automatically after exactly 60 seconds."
"conv_021",3,"assistant","That is usually caused by a reverse proxy or load balancer timeout setting."
"conv_021",4,"user","We use Nginx as our reverse proxy in front of the application server."
"conv_021",5,"assistant","Increase the `proxy_read_timeout` parameter inside your Nginx configuration, and implement a heartbeat ping mechanism from the client side."
"conv_022",1,"system","You are a helpful assistant."
"conv_022",2,"user","We want to track user behaviors across our web application natively."
"conv_022",3,"assistant","Are you planning to log these events to a transactional database or a dedicated event stream?"
"conv_022",4,"user","An event stream would be better to handle high throughput without lag."
"conv_022",5,"assistant","Deploy an event broker like Redis Streams or Kafka to ingest the behavioral events asynchronously, then process them with a background consumer."
"conv_023",1,"system","You are a helpful assistant."
"conv_023",2,"user","The application's background jobs are stalling completely."
"conv_023",3,"assistant","Are the jobs picking up from the queue but failing to complete, or are they never starting?"
"conv_023",4,"user","They start, but they seem to block indefinitely when hitting a network resource."
"conv_023",5,"assistant","Ensure you have explicit, non-infinite timeouts configured on all HTTP and RPC clients inside your job handlers."
"conv_024",1,"system","You are a helpful assistant."
"conv_024",2,"user","Our user passwords are encrypted using MD5 in an old legacy system."
"conv_024",3,"assistant","MD5 is highly insecure and vulnerable to collision attacks. You should migrate them immediately."
"conv_024",4,"user","How do we migrate them without forcing everyone to reset their passwords?"
"conv_024",5,"assistant","Re-hash the existing MD5 hashes using a secure modern algorithm like bcrypt or Argon2id whenever a user logs in successfully."
"conv_025",1,"system","You are a helpful assistant."
"conv_025",2,"user","Can we run a multi-tenant application on a single database schema?"
"conv_025",3,"assistant","Yes, you can use logical isolation by including a foreign key column like tenant_id on every table."
"conv_025",4,"user","Is that secure enough to prevent data leaks between tenants?"
"conv_025",5,"assistant","It relies entirely on your application's query logic. For safety, you can enforce row-level security constraints at the database level."
"conv_026",1,"system","You are a helpful assistant."
"conv_026",2,"user","The staging environment behaves completely differently than our local dev setups."
"conv_026",3,"assistant","Are your configuration files, system dependencies, or underlying data states out of sync?"
"conv_026",4,"user","Staging uses a managed cloud database while local dev uses a lightweight sqlite file."
"conv_026",5,"assistant","That database disparity is likely the culprit. Run a local containerized version of your production database engine to eliminate delta bugs."
"conv_027",1,"system","You are a helpful assistant."
"conv_027",2,"user","Our CSS styles are conflicting and bleeding into unrelated components."
"conv_027",3,"assistant","Are you using global stylesheets with generic class naming conventions?"
"conv_027",4,"user","Yes, we just have one huge index.css file handling layout rules."
"conv_027",5,"assistant","Switch to CSS Modules, styled-components, or a utility framework like Tailwind to scope styles explicitly to individual components."
"conv_028",1,"system","You are a helpful assistant."
"conv_028",2,"user","We need to dynamically generate downloadable PDF invoices on the fly."
"conv_028",3,"assistant","Should these be rendered on the frontend client or processed asynchronously by the server?"
"conv_028",4,"user","The server should handle it to guarantee storage persistence and automated emailing."
"conv_028",5,"assistant","Use a server-side PDF generation package, draw the layout from HTML templates, and stream the generated buffer to object storage."
"conv_029",1,"system","You are a helpful assistant."
"conv_029",2,"user","Our search feature is incredibly slow when matching partial strings."
"conv_029",3,"assistant","Are you performing wildcard LIKE queries against a standard relational database text column?"
"conv_029",4,"user","Yes, we use a SELECT query with a percentage wildcard on both sides of the string."
"conv_029",5,"assistant","A leading wildcard prevents the database from utilizing standard indexes. You should migrate text search queries to a dedicated engine like Elasticsearch."
"conv_030",1,"system","You are a helpful assistant."
"conv_030",2,"user","The infrastructure team wants us to implement health check endpoints."
"conv_030",3,"assistant","You should expose simple, standardized routes like /healthz and /readyz for orchestrators to hit."
"conv_030",4,"user","What is the concrete difference between a health check and a readiness check?"
"conv_030",5,"assistant","Health checks verify if the process is alive; readiness checks verify if dependencies are connected and the app can safely accept traffic."
"conv_031",1,"system","You are a helpful assistant."
"conv_031",2,"user","We need to process thousands of uploaded images concurrently without crashing."
"conv_031",3,"assistant","Don't process them immediately inside the web server's request thread. Offload them to a task queue."
"conv_031",4,"user","Should we store the raw image binary data directly inside the task queue payload?"
"conv_031",5,"assistant","No, save the raw image straight to an object storage bucket first, and pass only the object path reference to the queue workers."
"conv_032",1,"system","You are a helpful assistant."
"conv_032",2,"user","Our server CPU utilization spikes to 100% whenever an unhandled panic occurs."
"conv_032",3,"assistant","Is the runtime loop failing to catch the panic, causing an endless recursive crash loop?"
"conv_032",4,"user","Yes, the orchestrator instantly restarts the container, which panics immediately on boot."
"conv_032",5,"assistant","Wrap your application initialization step in a defer-recover block to catch the failure and log the stack trace cleanly before exiting."
"conv_033",1,"system","You are a helpful assistant."
"conv_033",2,"user","We need to implement a mechanism to log out users globally from all devices."
"conv_033",3,"assistant","Are you using stateless JWT tokens or server-side session stores for authentication?"
"conv_033",4,"user","We use stateless JWTs stored completely in the user's browser cookies."
"conv_033",5,"assistant","Since JWTs are stateless, you must maintain an active revocation list in a fast cache like Redis to reject blacklisted tokens before expiration."
"conv_034",1,"system","You are a helpful assistant."
"conv_034",2,"user","Our cron jobs are overlapping because the previous run takes longer than the schedule interval."
"conv_034",3,"assistant","You need to enforce a locking or execution concurrency policy for those tasks."
"conv_034",4,"user","How can we safely prevent a job from starting if another one is currently running?"
"conv_034",5,"assistant","Acquire a distributed lock using Redis or a database flag at the very start of the job, and release it only upon task completion."
"conv_035",1,"system","You are a helpful assistant."
"conv_035",2,"user","A third-party analytics script is delaying our window load event."
"conv_035",3,"assistant","Are you importing the third-party script using a standard blocking tag?"
"conv_035",4,"user","Yes, it is sitting inside the main head tag of our html template file."
"conv_035",5,"assistant","Add the `async` or `defer` attribute to the script tag to ensure it downloads in parallel without blocking page rendering."
"conv_036",1,"system","You are a helpful assistant."
"conv_036",2,"user","Our automated tests pass locally but fail randomly inside the CI environment."
"conv_036",3,"assistant","This is likely a race condition or a dependency timing issue. Are your tests sharing global state?"
"conv_036",4,"user","They all mutate a single shared test database instance concurrently."
"conv_036",5,"assistant","That explains the flakiness. Run each test file within an isolated database transaction or instantiate distinct clean test databases per thread."
"conv_037",1,"system","You are a helpful assistant."
"conv_037",2,"user","We are planning to implement a GraphQL gateway over our REST microservices."
"conv_037",3,"assistant","GraphQL is great for frontend flexibility, but watch out for the N+1 query problem during data fetching."
"conv_037",4,"user","What is the best way to guard against the N+1 problem at the gateway level?"
"conv_037",5,"assistant","Implement a batching and caching pattern like DataLoader to combine individual resource requests into single batched backend calls."
"conv_038",1,"system","You are a helpful assistant."
"conv_038",2,"user","Our static file assets are consuming massive amounts of egress bandwidth charges."
"conv_038",3,"assistant","Are you serving those assets directly from your primary application server instances?"
"conv_038",4,"user","Yes, we serve them from a public directory inside our node build folder."
"conv_038",5,"assistant","Offload those static files to a dedicated storage bucket and put a Content Delivery Network like Cloudflare in front to cache them."
"conv_039",1,"system","You are a helpful assistant."
"conv_039",2,"user","The application's encryption system is slowing down under peak throughput."
"conv_039",3,"assistant","Are you generating an entirely new encryption key setup on every single request loop?"
"conv_039",4,"user","Yes, we instantiate a new cipher block instance for every payload we decrypt."
"conv_039",5,"assistant","Instantiate the cipher block wrapper once during startup and reuse it concurrently across routines to eliminate allocation bottlenecks."
"conv_040",1,"system","You are a helpful assistant."
"conv_040",2,"user","We need to keep track of historical changes made to rows in our user table."
"conv_040",3,"assistant","Do you need a full audit trail of every historical state change, or just a simple updated_at timestamp?"
"conv_040",4,"user","We need a complete history showing who changed what values and when it occurred."
"conv_040",5,"assistant","Create an append-only audit log table and use database triggers or application lifecycle hooks to copy old states during updates."
"conv_041",1,"system","You are a helpful assistant."
"conv_041",2,"user","Our API parameters are unvalidated and casting crashes the application server."
"conv_041",3,"assistant","You should use a schema validation library at the routing boundary before processing business logic."
"conv_041",4,"user","Can we intercept invalid requests automatically without custom inline if statements?"
"conv_041",5,"assistant","Yes, place a validation middleware handler early in your router chain to reject malformed JSON objects with a clean 400 response."
"conv_042",1,"system","You are a helpful assistant."
"conv_042",2,"user","We are getting massive spikes in database connection allocations during traffic rushes."
"conv_042",3,"assistant","Are you opening and closing database connections inside each individual HTTP request handler?"
"conv_042",4,"user","Yes, we call open and close methods inside every controller function."
"conv_042",5,"assistant","That is highly inefficient. Establish a persistent database connection pool on startup and pass references to your handlers."
"conv_043",1,"system","You are a helpful assistant."
"conv_043",2,"user","Our client applications need real-time data updates when backend state changes."
"conv_043",3,"assistant","Do you need full bidirectional communication, or are updates strictly unidirectional from server to client?"
"conv_043",4,"user","The updates are entirely unidirectional; the client just needs to listen for events."
"conv_043",5,"assistant","Use Server-Sent Events (SSE). It is simpler to implement and maintain over standard HTTP protocols than setting up full WebSockets."
"conv_044",1,"system","You are a helpful assistant."
"conv_044",2,"user","We accidentally checked an unencrypted API secret key into our Git history."
"conv_044",3,"assistant","Even if you delete the line in a new commit, that secret remains fully visible in your git history logs."
"conv_044",4,"user","How do we completely erase all traces of it from the historical commits?"
"conv_044",5,"assistant","Use a tool like git-filter-repo or BFG Repo-Cleaner to scrub the secret from history, then immediately rotate that credential."
"conv_045",1,"system","You are a helpful assistant."
"conv_045",2,"user","The application logs lack uniformity and are impossible to parse inside OpenSearch."
"conv_045",3,"assistant","Are you writing free-form text strings to stdout inside your service packages?"
"conv_045",4,"user","Yes, we just use print statements formatting data with custom spacing rules."
"conv_045",5,"assistant","Switch over to a structured logging pattern that outputs events as standardized JSON objects containing explicit metadata keys."
"conv_046",1,"system","You are a helpful assistant."
"conv_046",2,"user","Our microservices are tightly coupled together via rigid client dependencies."
"conv_046",3,"assistant","You should transition your architecture toward an asynchronous, event-driven pattern to decouple them."
"conv_046",4,"user","What abstraction should we use to broadcast states without targeting specific services?"
"conv_046",5,"assistant","Implement a Pub/Sub model using a message broker where services publish generic topic events that other applications independently consume."
"conv_047",1,"system","You are a helpful assistant."
"conv_047",2,"user","The session tokens are exposed inside URL search parameters in historical logs."
"conv_047",3,"assistant","Passing sensitive tokens via URL parameters is insecure since URLs are routinely cached and logged by proxies."
"conv_047",4,"user","Where should we pass authentication states instead to secure the transport layer?"
"conv_047",5,"assistant","Pass them exclusively inside the HTTP Authorization headers as a Bearer token or within secure, HttpOnly cookies."
"conv_048",1,"system","You are a helpful assistant."
"conv_048",2,"user","Our application needs to compute a large mathematical dataset on every user page load."
"conv_048",3,"assistant","If the underlying dataset rarely changes, you are burning valuable CPU cycles unnecessarily."
"conv_048",4,"user","Can we cache the final computed structure in memory safely across routines?"
"conv_048",5,"assistant","Yes, compute it once lazily on startup or update, and store it inside an immutable shared cache structure for instantaneous reads."
"conv_049",1,"system","You are a helpful assistant."
"conv_049",2,"user","Our cloud infrastructure costs are scaling linearly with traffic and getting too high."
"conv_049",3,"assistant","Look for over-provisioned resources. Are your instances running at very low baseline utilization?"
"conv_049",4,"user","Most of our production nodes sit comfortably at less than 10% CPU usage all day."
"conv_049",5,"assistant","You are paying for idle compute capacity. Downsize your instance families and set up dynamic horizontal autoscaling rules instead."
"conv_050",1,"system","You are a helpful assistant."
"conv_050",2,"user","We need to gracefully shut down our application containers without dropping ongoing requests."
"conv_050",3,"assistant","Your process needs to explicitly capture termination signals like SIGTERM sent by the environment orchestrator."
"conv_050",4,"user","What steps should the signal handler take once a SIGTERM is detected?"
"conv_050",5,"assistant","Stop accepting new requests at the load balancer, wait for all active connection routines to finish processing, then exit safely."
"conv_051",1,"system","You are a helpful assistant."
conv_051,2,user,My dog's name is Barnaby.
conv_051,3,assistant,Nice to meet you! Barnaby is a great name for a dog. What breed is he?
conv_051,4,user,"He is a golden retriever. Also, I live in Seattle."
conv_051,5,assistant,"Seattle is a beautiful city, though it rains a lot. Barnaby must love running in the parks there."
conv_051,6,user,What is my dog's name and where do I live?
conv_051,7,assistant,Your dog's name is Barnaby and you live in Seattle.
conv_052,1,system,You are a helpful assistant.
conv_052,2,user,I am planning a trip to Japan next month.
conv_052,3,assistant,That sounds exciting! Japan is wonderful. Which cities are you visiting?
conv_052,4,user,"I will be visiting Tokyo, Kyoto, and Osaka."
conv_052,5,assistant,"A classic itinerary! Tokyo is bustling, Kyoto is historic, and Osaka has amazing food."
conv_052,6,user,Which three cities did I say I was going to visit?
conv_052,7,assistant,"You mentioned you will be visiting Tokyo, Kyoto, and Osaka."
conv_053,1,system,You are a helpful assistant.
conv_053,2,user,"My favorite color is cerulean blue, and my lucky number is 42."
conv_053,3,assistant,"Cerulean blue is a very calming color, and 42 is famous as the answer to the ultimate question of life, the universe, and everything!"
conv_053,4,user,I am thinking of painting my bedroom.
conv_053,5,assistant,"Are you considering painting it cerulean blue, since that is your favorite color?"
conv_053,6,user,"Yes! Can you remind me what my lucky number is, maybe I will paint that on the door."
conv_053,7,assistant,"Your lucky number is 42, which would look great painted on your bedroom door."
conv_054,1,system,You are a helpful assistant.
conv_054,2,user,I just bought a new car. It is a red Toyota Corolla.
conv_054,3,assistant,Congratulations on the new car! The Toyota Corolla is very reliable. Do you enjoy the red color?
conv_054,4,user,"I love it. Oh, and I named the car Ruby."
conv_054,5,assistant,Ruby is a perfect name for a red car. Have you taken Ruby on a road trip yet?
conv_054,6,user,What kind of car do I drive and what did I name it?
conv_054,7,assistant,You drive a red Toyota Corolla and you named it Ruby.
conv_051,1,system,You are a helpful assistant.
conv_051,2,user,My dog's name is Barnaby.
conv_051,3,assistant,Nice to meet you! Barnaby is a great name for a dog. What breed is he?
conv_051,4,user,"He is a golden retriever. Also, I live in Seattle."
conv_051,5,assistant,"Seattle is a beautiful city, though it rains a lot. Barnaby must love running in the parks there."
conv_051,6,user,What is my dog's name and where do I live?
conv_051,7,assistant,Your dog's name is Barnaby and you live in Seattle.
conv_052,1,system,You are a helpful assistant.
conv_052,2,user,I am planning a trip to Japan next month.
conv_052,3,assistant,That sounds exciting! Japan is wonderful. Which cities are you visiting?
conv_052,4,user,"I will be visiting Tokyo, Kyoto, and Osaka."
conv_052,5,assistant,"A classic itinerary! Tokyo is bustling, Kyoto is historic, and Osaka has amazing food."
conv_052,6,user,Which three cities did I say I was going to visit?
conv_052,7,assistant,"You mentioned you will be visiting Tokyo, Kyoto, and Osaka."
conv_053,1,system,You are a helpful assistant.
conv_053,2,user,"My favorite color is cerulean blue, and my lucky number is 42."
conv_053,3,assistant,"Cerulean blue is a very calming color, and 42 is famous as the answer to the ultimate question of life, the universe, and everything!"
conv_053,4,user,I am thinking of painting my bedroom.
conv_053,5,assistant,"Are you considering painting it cerulean blue, since that is your favorite color?"
conv_053,6,user,"Yes! Can you remind me what my lucky number is, maybe I will paint that on the door."
conv_053,7,assistant,"Your lucky number is 42, which would look great painted on your bedroom door."
conv_054,1,system,You are a helpful assistant.
conv_054,2,user,I just bought a new car. It is a red Toyota Corolla.
conv_054,3,assistant,Congratulations on the new car! The Toyota Corolla is very reliable. Do you enjoy the red color?
conv_054,4,user,"I love it. Oh, and I named the car Ruby."
conv_054,5,assistant,Ruby is a perfect name for a red car. Have you taken Ruby on a road trip yet?
conv_054,6,user,What kind of car do I drive and what did I name it?
conv_054,7,assistant,You drive a red Toyota Corolla and you named it Ruby.
