query,answer,intent,grammar
"How do I initialize a new Go module?","Run the command go mod init module-name in your root directory to bootstrap dependency tracking.",go_coding,"ADV AUX PRON VERB DET ADJ PROPN NOUN"
"How do I prevent concurrent map writes in Go?","Protect the map using a sync.Mutex or sync.RWMutex by calling Lock() before writes and Unlock() right after.",concurrency,"VERB DET NOUN ADP DET PROPN NOUN"
"How do I decode JSON into a struct in Go?","Use the json.Unmarshal function passing the raw byte slice data and a pointer reference to your destination struct.",serialization,"VERB PROPN PROPN VERB DET ADJ NOUN NOUN"
"How do I create a new directory in Go?","Use the os.Mkdir or os.MkdirAll function from the standard library passing the path string and file mode permissions.",file_management,"VERB DET ADJ NOUN ADP PROPN NOUN"
"What is a goroutine?","A goroutine is a lightweight thread of execution managed concurrently by the Go language runtime environment.",go_concepts,"DET NOUN AUX DET ADJ NOUN ADP NOUN"
"How do I check if a file exists in Go?","Call os.Stat(path) if errors.Is(err os.ErrNotExist) is true then the file does not exist on disk.",file_management,"VERB SCONJ DET NOUN VERB ADP PROPN"
"How do you execute benchmarks in Go?","Run go test -bench=. in your specific package terminal directory to capture memory and execution speeds.",go_coding,"ADV PART VERB NOUN ADP PROPN NOUN"
"How do I read environment variables in Go?","Use the os.Getenv(KEY) function from the standard library to retrieve system environment configurations as strings.",go_coding,"VERB DET NOUN NOUN ADP PROPN NOUN"
"How do I initialize a new Go module?","Run the command go mod init module-name in your root directory to bootstrap dependency tracking.",go_coding,"ADV AUX PRON VERB DET ADJ PROPN NOUN"
"How do I prevent concurrent map writes in Go?","Protect the map using a sync.Mutex or sync.RWMutex by calling Lock() before writes and Unlock() right after.",concurrency,"VERB DET NOUN ADP DET PROPN NOUN"
"How do I decode JSON into a struct in Go?","Use the json.Unmarshal function passing the raw byte slice data and a pointer reference to your destination struct.",serialization,"VERB PROPN PROPN VERB DET ADJ NOUN NOUN"
"How do I create a new directory in Go?","Use the os.Mkdir or os.MkdirAll function from the standard library passing the path string and file mode permissions.",file_management,"VERB DET ADJ NOUN ADP PROPN NOUN"
"What is a goroutine?","A goroutine is a lightweight thread of execution managed concurrently by the Go language runtime environment.",go_concepts,"DET NOUN AUX DET ADJ NOUN ADP NOUN"
"How do I check if a file exists in Go?","Call os.Stat(path) if errors.Is(err os.ErrNotExist) is true then the file does not exist on disk.",file_management,"VERB SCONJ DET NOUN VERB ADP PROPN"
"How do you execute benchmarks in Go?","Run go test -bench=. in your specific package terminal directory to capture memory and execution speeds.",go_coding,"ADV PART VERB NOUN ADP PROPN NOUN"
"How do I read environment variables in Go?","Use the os.Getenv(KEY) function from the standard library to retrieve system environment configurations as strings.",go_coding,"VERB DET NOUN NOUN ADP PROPN NOUN"
"How do I initialize a new Go module?","Run the command go mod init module-name in your root directory to bootstrap dependency tracking.",go_coding,"ADV AUX PRON VERB DET ADJ PROPN NOUN"
"How do I prevent concurrent map writes in Go?","Protect the map using a sync.Mutex or sync.RWMutex by calling Lock() before writes and Unlock() right after.",concurrency,"VERB DET NOUN ADP DET PROPN NOUN"
"How do I decode JSON into a struct in Go?","Use the json.Unmarshal function passing the raw byte slice data and a pointer reference to your destination struct.",serialization,"VERB PROPN PROPN VERB DET ADJ NOUN NOUN"
"How do I create a new directory in Go?","Use the os.Mkdir or os.MkdirAll function from the standard library passing the path string and file mode permissions.",file_management,"VERB DET ADJ NOUN ADP PROPN NOUN"
"What is a goroutine?","A goroutine is a lightweight thread of execution managed concurrently by the Go language runtime environment.",go_concepts,"DET NOUN AUX DET ADJ NOUN ADP NOUN"
"How do I check if a file exists in Go?","Call os.Stat(path) if errors.Is(err os.ErrNotExist) is true then the file does not exist on disk.",file_management,"VERB SCONJ DET NOUN VERB ADP PROPN"
"How do you execute benchmarks in Go?","Run go test -bench=. in your specific package terminal directory to capture memory and execution speeds.",go_coding,"ADV PART VERB NOUN ADP PROPN NOUN"
"How do I read environment variables in Go?","Use the os.Getenv(KEY) function from the standard library to retrieve system environment configurations as strings.",go_coding,"VERB DET NOUN NOUN ADP PROPN NOUN"
"How do I initialize a new Go module?","Run the command go mod init module-name in your root directory to bootstrap dependency tracking.",go_coding,"ADV AUX PRON VERB DET ADJ PROPN NOUN"
"How do I prevent concurrent map writes in Go?","Protect the map using a sync.Mutex or sync.RWMutex by calling Lock() before writes and Unlock() right after.",concurrency,"VERB DET NOUN ADP DET PROPN NOUN"
"How do I decode JSON into a struct in Go?","Use the json.Unmarshal function passing the raw byte slice data and a pointer reference to your destination struct.",serialization,"VERB PROPN PROPN VERB DET ADJ NOUN NOUN"
"How do I create a new directory in Go?","Use the os.Mkdir or os.MkdirAll function from the standard library passing the path string and file mode permissions.",file_management,"VERB DET ADJ NOUN ADP PROPN NOUN"
"What is a goroutine?","A goroutine is a lightweight thread of execution managed concurrently by the Go language runtime environment.",go_concepts,"DET NOUN AUX DET ADJ NOUN ADP NOUN"
"How do I check if a file exists in Go?","Call os.Stat(path) if errors.Is(err os.ErrNotExist) is true then the file does not exist on disk.",file_management,"VERB SCONJ DET NOUN VERB ADP PROPN"
"How do you execute benchmarks in Go?","Run go test -bench=. in your specific package terminal directory to capture memory and execution speeds.",go_coding,"ADV PART VERB NOUN ADP PROPN NOUN"
"How do I read environment variables in Go?","Use the os.Getenv(KEY) function from the standard library to retrieve system environment configurations as strings.",go_coding,"VERB DET NOUN NOUN ADP PROPN NOUN"
"How do I initialize a new Go module?","Run the command go mod init module-name in your root directory to bootstrap dependency tracking.",go_coding,"ADV AUX PRON VERB DET ADJ PROPN NOUN"
"How do I prevent concurrent map writes in Go?","Protect the map using a sync.Mutex or sync.RWMutex by calling Lock() before writes and Unlock() right after.",concurrency,"VERB DET NOUN ADP DET PROPN NOUN"
"How do I decode JSON into a struct in Go?","Use the json.Unmarshal function passing the raw byte slice data and a pointer reference to your destination struct.",serialization,"VERB PROPN PROPN VERB DET ADJ NOUN NOUN"
"How do I create a new directory in Go?","Use the os.Mkdir or os.MkdirAll function from the standard library passing the path string and file mode permissions.",file_management,"VERB DET ADJ NOUN ADP PROPN NOUN"
"What is a goroutine?","A goroutine is a lightweight thread of execution managed concurrently by the Go language runtime environment.",go_concepts,"DET NOUN AUX DET ADJ NOUN ADP NOUN"
"How do I check if a file exists in Go?","Call os.Stat(path) if errors.Is(err os.ErrNotExist) is true then the file does not exist on disk.",file_management,"VERB SCONJ DET NOUN VERB ADP PROPN"
"How do you execute benchmarks in Go?","Run go test -bench=. in your specific package terminal directory to capture memory and execution speeds.",go_coding,"ADV PART VERB NOUN ADP PROPN NOUN"
"How do I read environment variables in Go?","Use the os.Getenv(KEY) function from the standard library to retrieve system environment configurations as strings.",go_coding,"VERB DET NOUN NOUN ADP PROPN NOUN"
"How do I initialize a new Go module?","Run the command go mod init module-name in your root directory to bootstrap dependency tracking.",go_coding,"ADV AUX PRON VERB DET ADJ PROPN NOUN"
"How do I prevent concurrent map writes in Go?","Protect the map using a sync.Mutex or sync.RWMutex by calling Lock() before writes and Unlock() right after.",concurrency,"VERB DET NOUN ADP DET PROPN NOUN"
"How do I decode JSON into a struct in Go?","Use the json.Unmarshal function passing the raw byte slice data and a pointer reference to your destination struct.",serialization,"VERB PROPN PROPN VERB DET ADJ NOUN NOUN"
"How do I create a new directory in Go?","Use the os.Mkdir or os.MkdirAll function from the standard library passing the path string and file mode permissions.",file_management,"VERB DET ADJ NOUN ADP PROPN NOUN"
"What is a goroutine?","A goroutine is a lightweight thread of execution managed concurrently by the Go language runtime environment.",go_concepts,"DET NOUN AUX DET ADJ NOUN ADP NOUN"
"How do I check if a file exists in Go?","Call os.Stat(path) if errors.Is(err os.ErrNotExist) is true then the file does not exist on disk.",file_management,"VERB SCONJ DET NOUN VERB ADP PROPN"
"How do you execute benchmarks in Go?","Run go test -bench=. in your specific package terminal directory to capture memory and execution speeds.",go_coding,"ADV PART VERB NOUN ADP PROPN NOUN"
"How do I read environment variables in Go?","Use the os.Getenv(KEY) function from the standard library to retrieve system environment configurations as strings.",go_coding,"VERB DET NOUN NOUN ADP PROPN NOUN"
"How do I initialize a new Go module?","Run the command go mod init module-name in your root directory to bootstrap dependency tracking.",go_coding,"ADV AUX PRON VERB DET ADJ PROPN NOUN"
"How do I prevent concurrent map writes in Go?","Protect the map using a sync.Mutex or sync.RWMutex by calling Lock() before writes and Unlock() right after.",concurrency,"VERB DET NOUN ADP DET PROPN NOUN"
"How do I decode JSON into a struct in Go?","Use the json.Unmarshal function passing the raw byte slice data and a pointer reference to your destination struct.",serialization,"VERB PROPN PROPN VERB DET ADJ NOUN NOUN"
"How do I create a new directory in Go?","Use the os.Mkdir or os.MkdirAll function from the standard library passing the path string and file mode permissions.",file_management,"VERB DET ADJ NOUN ADP PROPN NOUN"
"What is a goroutine?","A goroutine is a lightweight thread of execution managed concurrently by the Go language runtime environment.",go_concepts,"DET NOUN AUX DET ADJ NOUN ADP NOUN"
"How do I check if a file exists in Go?","Call os.Stat(path) if errors.Is(err os.ErrNotExist) is true then the file does not exist on disk.",file_management,"VERB SCONJ DET NOUN VERB ADP PROPN"
"How do you execute benchmarks in Go?","Run go test -bench=. in your specific package terminal directory to capture memory and execution speeds.",go_coding,"ADV PART VERB NOUN ADP PROPN NOUN"
"How do I read environment variables in Go?","Use the os.Getenv(KEY) function from the standard library to retrieve system environment configurations as strings.",go_coding,"VERB DET NOUN NOUN ADP PROPN NOUN"
"How do I initialize a new Go module?","Run the command go mod init module-name in your root directory to bootstrap dependency tracking.",go_coding,"ADV AUX PRON VERB DET ADJ PROPN NOUN"
"How do I prevent concurrent map writes in Go?","Protect the map using a sync.Mutex or sync.RWMutex by calling Lock() before writes and Unlock() right after.",concurrency,"VERB DET NOUN ADP DET PROPN NOUN"
"How do I decode JSON into a struct in Go?","Use the json.Unmarshal function passing the raw byte slice data and a pointer reference to your destination struct.",serialization,"VERB PROPN PROPN VERB DET ADJ NOUN NOUN"
"How do I create a new directory in Go?","Use the os.Mkdir or os.MkdirAll function from the standard library passing the path string and file mode permissions.",file_management,"VERB DET ADJ NOUN ADP PROPN NOUN"
"What is a goroutine?","A goroutine is a lightweight thread of execution managed concurrently by the Go language runtime environment.",go_concepts,"DET NOUN AUX DET ADJ NOUN ADP NOUN"
"How do I check if a file exists in Go?","Call os.Stat(path) if errors.Is(err os.ErrNotExist) is true then the file does not exist on disk.",file_management,"VERB SCONJ DET NOUN VERB ADP PROPN"
"How do you execute benchmarks in Go?","Run go test -bench=. in your specific package terminal directory to capture memory and execution speeds.",go_coding,"ADV PART VERB NOUN ADP PROPN NOUN"
"How do I read environment variables in Go?","Use the os.Getenv(KEY) function from the standard library to retrieve system environment configurations as strings.",go_coding,"VERB DET NOUN NOUN ADP PROPN NOUN"
"How do I initialize a new Go module?","Run the command go mod init module-name in your root directory to bootstrap dependency tracking.",go_coding,"ADV AUX PRON VERB DET ADJ PROPN NOUN"
"How do I prevent concurrent map writes in Go?","Protect the map using a sync.Mutex or sync.RWMutex by calling Lock() before writes and Unlock() right after.",concurrency,"VERB DET NOUN ADP DET PROPN NOUN"
"How do I decode JSON into a struct in Go?","Use the json.Unmarshal function passing the raw byte slice data and a pointer reference to your destination struct.",serialization,"VERB PROPN PROPN VERB DET ADJ NOUN NOUN"
"How do I create a new directory in Go?","Use the os.Mkdir or os.MkdirAll function from the standard library passing the path string and file mode permissions.",file_management,"VERB DET ADJ NOUN ADP PROPN NOUN"
"What is a goroutine?","A goroutine is a lightweight thread of execution managed concurrently by the Go language runtime environment.",go_concepts,"DET NOUN AUX DET ADJ NOUN ADP NOUN"
"How do I check if a file exists in Go?","Call os.Stat(path) if errors.Is(err os.ErrNotExist) is true then the file does not exist on disk.",file_management,"VERB SCONJ DET NOUN VERB ADP PROPN"
"How do you execute benchmarks in Go?","Run go test -bench=. in your specific package terminal directory to capture memory and execution speeds.",go_coding,"ADV PART VERB NOUN ADP PROPN NOUN"
"How do I read environment variables in Go?","Use the os.Getenv(KEY) function from the standard library to retrieve system environment configurations as strings.",go_coding,"VERB DET NOUN NOUN ADP PROPN NOUN"
"How do I initialize a new Go module?","Run the command go mod init module-name in your root directory to bootstrap dependency tracking.",go_coding,"ADV AUX PRON VERB DET ADJ PROPN NOUN"
"How do I prevent concurrent map writes in Go?","Protect the map using a sync.Mutex or sync.RWMutex by calling Lock() before writes and Unlock() right after.",concurrency,"VERB DET NOUN ADP DET PROPN NOUN"
"How do I decode JSON into a struct in Go?","Use the json.Unmarshal function passing the raw byte slice data and a pointer reference to your destination struct.",serialization,"VERB PROPN PROPN VERB DET ADJ NOUN NOUN"
"How do I create a new directory in Go?","Use the os.Mkdir or os.MkdirAll function from the standard library passing the path string and file mode permissions.",file_management,"VERB DET ADJ NOUN ADP PROPN NOUN"
"What is a goroutine?","A goroutine is a lightweight thread of execution managed concurrently by the Go language runtime environment.",go_concepts,"DET NOUN AUX DET ADJ NOUN ADP NOUN"
"How do I check if a file exists in Go?","Call os.Stat(path) if errors.Is(err os.ErrNotExist) is true then the file does not exist on disk.",file_management,"VERB SCONJ DET NOUN VERB ADP PROPN"
"How do you execute benchmarks in Go?","Run go test -bench=. in your specific package terminal directory to capture memory and execution speeds.",go_coding,"ADV PART VERB NOUN ADP PROPN NOUN"
"How do I read environment variables in Go?","Use the os.Getenv(KEY) function from the standard library to retrieve system environment configurations as strings.",go_coding,"VERB DET NOUN NOUN ADP PROPN NOUN"
"How do I initialize a new Go module?","Run the command go mod init module-name in your root directory to bootstrap dependency tracking.",go_coding,"ADV AUX PRON VERB DET ADJ PROPN NOUN"
"How do I prevent concurrent map writes in Go?","Protect the map using a sync.Mutex or sync.RWMutex by calling Lock() before writes and Unlock() right after.",concurrency,"VERB DET NOUN ADP DET PROPN NOUN"
"How do I decode JSON into a struct in Go?","Use the json.Unmarshal function passing the raw byte slice data and a pointer reference to your destination struct.",serialization,"VERB PROPN PROPN VERB DET ADJ NOUN NOUN"
"How do I create a new directory in Go?","Use the os.Mkdir or os.MkdirAll function from the standard library passing the path string and file mode permissions.",file_management,"VERB DET ADJ NOUN ADP PROPN NOUN"
"What is a goroutine?","A goroutine is a lightweight thread of execution managed concurrently by the Go language runtime environment.",go_concepts,"DET NOUN AUX DET ADJ NOUN ADP NOUN"
"How do I check if a file exists in Go?","Call os.Stat(path) if errors.Is(err os.ErrNotExist) is true then the file does not exist on disk.",file_management,"VERB SCONJ DET NOUN VERB ADP PROPN"
"How do you execute benchmarks in Go?","Run go test -bench=. in your specific package terminal directory to capture memory and execution speeds.",go_coding,"ADV PART VERB NOUN ADP PROPN NOUN"
"How do I read environment variables in Go?","Use the os.Getenv(KEY) function from the standard library to retrieve system environment configurations as strings.",go_coding,"VERB DET NOUN NOUN ADP PROPN NOUN"
"How do I initialize a new Go module?","Run the command go mod init module-name in your root directory to bootstrap dependency tracking.",go_coding,"ADV AUX PRON VERB DET ADJ PROPN NOUN"
"How do I prevent concurrent map writes in Go?","Protect the map using a sync.Mutex or sync.RWMutex by calling Lock() before writes and Unlock() right after.",concurrency,"VERB DET NOUN ADP DET PROPN NOUN"
"How do I decode JSON into a struct in Go?","Use the json.Unmarshal function passing the raw byte slice data and a pointer reference to your destination struct.",serialization,"VERB PROPN PROPN VERB DET ADJ NOUN NOUN"
"How do I create a new directory in Go?","Use the os.Mkdir or os.MkdirAll function from the standard library passing the path string and file mode permissions.",file_management,"VERB DET ADJ NOUN ADP PROPN NOUN"
"What is a goroutine?","A goroutine is a lightweight thread of execution managed concurrently by the Go language runtime environment.",go_concepts,"DET NOUN AUX DET ADJ NOUN ADP NOUN"
"How do I check if a file exists in Go?","Call os.Stat(path) if errors.Is(err os.ErrNotExist) is true then the file does not exist on disk.",file_management,"VERB SCONJ DET NOUN VERB ADP PROPN"
"How do you execute benchmarks in Go?","Run go test -bench=. in your specific package terminal directory to capture memory and execution speeds.",go_coding,"ADV PART VERB NOUN ADP PROPN NOUN"
"How do I read environment variables in Go?","Use the os.Getenv(KEY) function from the standard library to retrieve system environment configurations as strings.",go_coding,"VERB DET NOUN NOUN ADP PROPN NOUN"
"How do I initialize a new Go module?","Run the command go mod init module-name in your root directory to bootstrap dependency tracking.",go_coding,"ADV AUX PRON VERB DET ADJ PROPN NOUN"
"How do I prevent concurrent map writes in Go?","Protect the map using a sync.Mutex or sync.RWMutex by calling Lock() before writes and Unlock() right after.",concurrency,"VERB DET NOUN ADP DET PROPN NOUN"
"How do I decode JSON into a struct in Go?","Use the json.Unmarshal function passing the raw byte slice data and a pointer reference to your destination struct.",serialization,"VERB PROPN PROPN VERB DET ADJ NOUN NOUN"
"How do I create a new directory in Go?","Use the os.Mkdir or os.MkdirAll function from the standard library passing the path string and file mode permissions.",file_management,"VERB DET ADJ NOUN ADP PROPN NOUN"
"What is a goroutine?","A goroutine is a lightweight thread of execution managed concurrently by the Go language runtime environment.",go_concepts,"DET NOUN AUX DET ADJ NOUN ADP NOUN"
"How do I check if a file exists in Go?","Call os.Stat(path) if errors.Is(err os.ErrNotExist) is true then the file does not exist on disk.",file_management,"VERB SCONJ DET NOUN VERB ADP PROPN"
"How do you execute benchmarks in Go?","Run go test -bench=. in your specific package terminal directory to capture memory and execution speeds.",go_coding,"ADV PART VERB NOUN ADP PROPN NOUN"
"How do I read environment variables in Go?","Use the os.Getenv(KEY) function from the standard library to retrieve system environment configurations as strings.",go_coding,"VERB DET NOUN NOUN ADP PROPN NOUN"
"How do I initialize a new Go module?","Run the command go mod init module-name in your root directory to bootstrap dependency tracking.",go_coding,"ADV AUX PRON VERB DET ADJ PROPN NOUN"
"How do I prevent concurrent map writes in Go?","Protect the map using a sync.Mutex or sync.RWMutex by calling Lock() before writes and Unlock() right after.",concurrency,"VERB DET NOUN ADP DET PROPN NOUN"
"How do I decode JSON into a struct in Go?","Use the json.Unmarshal function passing the raw byte slice data and a pointer reference to your destination struct.",serialization,"VERB PROPN PROPN VERB DET ADJ NOUN NOUN"
"How do I create a new directory in Go?","Use the os.Mkdir or os.MkdirAll function from the standard library passing the path string and file mode permissions.",file_management,"VERB DET ADJ NOUN ADP PROPN NOUN"
"What is a goroutine?","A goroutine is a lightweight thread of execution managed concurrently by the Go language runtime environment.",go_concepts,"DET NOUN AUX DET ADJ NOUN ADP NOUN"
"How do I check if a file exists in Go?","Call os.Stat(path) if errors.Is(err os.ErrNotExist) is true then the file does not exist on disk.",file_management,"VERB SCONJ DET NOUN VERB ADP PROPN"
"How do you execute benchmarks in Go?","Run go test -bench=. in your specific package terminal directory to capture memory and execution speeds.",go_coding,"ADV PART VERB NOUN ADP PROPN NOUN"
"How do I read environment variables in Go?","Use the os.Getenv(KEY) function from the standard library to retrieve system environment configurations as strings.",go_coding,"VERB DET NOUN NOUN ADP PROPN NOUN"
"How do I initialize a new Go module?","Run the command go mod init module-name in your root directory to bootstrap dependency tracking.",go_coding,"ADV AUX PRON VERB DET ADJ PROPN NOUN"
"How do I prevent concurrent map writes in Go?","Protect the map using a sync.Mutex or sync.RWMutex by calling Lock() before writes and Unlock() right after.",concurrency,"VERB DET NOUN ADP DET PROPN NOUN"
"How do I decode JSON into a struct in Go?","Use the json.Unmarshal function passing the raw byte slice data and a pointer reference to your destination struct.",serialization,"VERB PROPN PROPN VERB DET ADJ NOUN NOUN"
"How do I create a new directory in Go?","Use the os.Mkdir or os.MkdirAll function from the standard library passing the path string and file mode permissions.",file_management,"VERB DET ADJ NOUN ADP PROPN NOUN"
"What is a goroutine?","A goroutine is a lightweight thread of execution managed concurrently by the Go language runtime environment.",go_concepts,"DET NOUN AUX DET ADJ NOUN ADP NOUN"
"How do I check if a file exists in Go?","Call os.Stat(path) if errors.Is(err os.ErrNotExist) is true then the file does not exist on disk.",file_management,"VERB SCONJ DET NOUN VERB ADP PROPN"
"How do you execute benchmarks in Go?","Run go test -bench=. in your specific package terminal directory to capture memory and execution speeds.",go_coding,"ADV PART VERB NOUN ADP PROPN NOUN"
"How do I read environment variables in Go?","Use the os.Getenv(KEY) function from the standard library to retrieve system environment configurations as strings.",go_coding,"VERB DET NOUN NOUN ADP PROPN NOUN"
"How do I initialize a new Go module?","Run the command go mod init module-name in your root directory to bootstrap dependency tracking.",go_coding,"ADV AUX PRON VERB DET ADJ PROPN NOUN"
"How do I prevent concurrent map writes in Go?","Protect the map using a sync.Mutex or sync.RWMutex by calling Lock() before writes and Unlock() right after.",concurrency,"VERB DET NOUN ADP DET PROPN NOUN"
"How do I decode JSON into a struct in Go?","Use the json.Unmarshal function passing the raw byte slice data and a pointer reference to your destination struct.",serialization,"VERB PROPN PROPN VERB DET ADJ NOUN NOUN"
"How do I create a new directory in Go?","Use the os.Mkdir or os.MkdirAll function from the standard library passing the path string and file mode permissions.",file_management,"VERB DET ADJ NOUN ADP PROPN NOUN"
"What is a goroutine?","A goroutine is a lightweight thread of execution managed concurrently by the Go language runtime environment.",go_concepts,"DET NOUN AUX DET ADJ NOUN ADP NOUN"
"How do I check if a file exists in Go?","Call os.Stat(path) if errors.Is(err os.ErrNotExist) is true then the file does not exist on disk.",file_management,"VERB SCONJ DET NOUN VERB ADP PROPN"
"How do you execute benchmarks in Go?","Run go test -bench=. in your specific package terminal directory to capture memory and execution speeds.",go_coding,"ADV PART VERB NOUN ADP PROPN NOUN"
"How do I read environment variables in Go?","Use the os.Getenv(KEY) function from the standard library to retrieve system environment configurations as strings.",go_coding,"VERB DET NOUN NOUN ADP PROPN NOUN"
"How do I initialize a new Go module?","Run the command go mod init module-name in your root directory to bootstrap dependency tracking.",go_coding,"ADV AUX PRON VERB DET ADJ PROPN NOUN"
"How do I prevent concurrent map writes in Go?","Protect the map using a sync.Mutex or sync.RWMutex by calling Lock() before writes and Unlock() right after.",concurrency,"VERB DET NOUN ADP DET PROPN NOUN"
"How do I decode JSON into a struct in Go?","Use the json.Unmarshal function passing the raw byte slice data and a pointer reference to your destination struct.",serialization,"VERB PROPN PROPN VERB DET ADJ NOUN NOUN"
"How do I create a new directory in Go?","Use the os.Mkdir or os.MkdirAll function from the standard library passing the path string and file mode permissions.",file_management,"VERB DET ADJ NOUN ADP PROPN NOUN"
"What is a goroutine?","A goroutine is a lightweight thread of execution managed concurrently by the Go language runtime environment.",go_concepts,"DET NOUN AUX DET ADJ NOUN ADP NOUN"
"How do I check if a file exists in Go?","Call os.Stat(path) if errors.Is(err os.ErrNotExist) is true then the file does not exist on disk.",file_management,"VERB SCONJ DET NOUN VERB ADP PROPN"
"How do you execute benchmarks in Go?","Run go test -bench=. in your specific package terminal directory to capture memory and execution speeds.",go_coding,"ADV PART VERB NOUN ADP PROPN NOUN"
"How do I read environment variables in Go?","Use the os.Getenv(KEY) function from the standard library to retrieve system environment configurations as strings.",go_coding,"VERB DET NOUN NOUN ADP PROPN NOUN"
"How do I initialize a new Go module?","Run the command go mod init module-name in your root directory to bootstrap dependency tracking.",go_coding,"ADV AUX PRON VERB DET ADJ PROPN NOUN"
"How do I prevent concurrent map writes in Go?","Protect the map using a sync.Mutex or sync.RWMutex by calling Lock() before writes and Unlock() right after.",concurrency,"VERB DET NOUN ADP DET PROPN NOUN"
"How do I decode JSON into a struct in Go?","Use the json.Unmarshal function passing the raw byte slice data and a pointer reference to your destination struct.",serialization,"VERB PROPN PROPN VERB DET ADJ NOUN NOUN"
"How do I create a new directory in Go?","Use the os.Mkdir or os.MkdirAll function from the standard library passing the path string and file mode permissions.",file_management,"VERB DET ADJ NOUN ADP PROPN NOUN"
"What is a goroutine?","A goroutine is a lightweight thread of execution managed concurrently by the Go language runtime environment.",go_concepts,"DET NOUN AUX DET ADJ NOUN ADP NOUN"
"How do I check if a file exists in Go?","Call os.Stat(path) if errors.Is(err os.ErrNotExist) is true then the file does not exist on disk.",file_management,"VERB SCONJ DET NOUN VERB ADP PROPN"
"How do you execute benchmarks in Go?","Run go test -bench=. in your specific package terminal directory to capture memory and execution speeds.",go_coding,"ADV PART VERB NOUN ADP PROPN NOUN"
"How do I read environment variables in Go?","Use the os.Getenv(KEY) function from the standard library to retrieve system environment configurations as strings.",go_coding,"VERB DET NOUN NOUN ADP PROPN NOUN"
"How do I initialize a new Go module?","Run the command go mod init module-name in your root directory to bootstrap dependency tracking.",go_coding,"ADV AUX PRON VERB DET ADJ PROPN NOUN"
"How do I prevent concurrent map writes in Go?","Protect the map using a sync.Mutex or sync.RWMutex by calling Lock() before writes and Unlock() right after.",concurrency,"VERB DET NOUN ADP DET PROPN NOUN"
"How do I decode JSON into a struct in Go?","Use the json.Unmarshal function passing the raw byte slice data and a pointer reference to your destination struct.",serialization,"VERB PROPN PROPN VERB DET ADJ NOUN NOUN"
"How do I create a new directory in Go?","Use the os.Mkdir or os.MkdirAll function from the standard library passing the path string and file mode permissions.",file_management,"VERB DET ADJ NOUN ADP PROPN NOUN"
"What is a goroutine?","A goroutine is a lightweight thread of execution managed concurrently by the Go language runtime environment.",go_concepts,"DET NOUN AUX DET ADJ NOUN ADP NOUN"
"How do I check if a file exists in Go?","Call os.Stat(path) if errors.Is(err os.ErrNotExist) is true then the file does not exist on disk.",file_management,"VERB SCONJ DET NOUN VERB ADP PROPN"
"How do you execute benchmarks in Go?","Run go test -bench=. in your specific package terminal directory to capture memory and execution speeds.",go_coding,"ADV PART VERB NOUN ADP PROPN NOUN"
"How do I read environment variables in Go?","Use the os.Getenv(KEY) function from the standard library to retrieve system environment configurations as strings.",go_coding,"VERB DET NOUN NOUN ADP PROPN NOUN"
"How do I initialize a new Go module?","Run the command go mod init module-name in your root directory to bootstrap dependency tracking.",go_coding,"ADV AUX PRON VERB DET ADJ PROPN NOUN"
"How do I prevent concurrent map writes in Go?","Protect the map using a sync.Mutex or sync.RWMutex by calling Lock() before writes and Unlock() right after.",concurrency,"VERB DET NOUN ADP DET PROPN NOUN"
"How do I decode JSON into a struct in Go?","Use the json.Unmarshal function passing the raw byte slice data and a pointer reference to your destination struct.",serialization,"VERB PROPN PROPN VERB DET ADJ NOUN NOUN"
"How do I create a new directory in Go?","Use the os.Mkdir or os.MkdirAll function from the standard library passing the path string and file mode permissions.",file_management,"VERB DET ADJ NOUN ADP PROPN NOUN"
"What is a goroutine?","A goroutine is a lightweight thread of execution managed concurrently by the Go language runtime environment.",go_concepts,"DET NOUN AUX DET ADJ NOUN ADP NOUN"
"How do I check if a file exists in Go?","Call os.Stat(path) if errors.Is(err os.ErrNotExist) is true then the file does not exist on disk.",file_management,"VERB SCONJ DET NOUN VERB ADP PROPN"
"How do you execute benchmarks in Go?","Run go test -bench=. in your specific package terminal directory to capture memory and execution speeds.",go_coding,"ADV PART VERB NOUN ADP PROPN NOUN"
"How do I read environment variables in Go?","Use the os.Getenv(KEY) function from the standard library to retrieve system environment configurations as strings.",go_coding,"VERB DET NOUN NOUN ADP PROPN NOUN"
"How do I initialize a new Go module?","Run the command go mod init module-name in your root directory to bootstrap dependency tracking.",go_coding,"ADV AUX PRON VERB DET ADJ PROPN NOUN"
"How do I prevent concurrent map writes in Go?","Protect the map using a sync.Mutex or sync.RWMutex by calling Lock() before writes and Unlock() right after.",concurrency,"VERB DET NOUN ADP DET PROPN NOUN"
"How do I decode JSON into a struct in Go?","Use the json.Unmarshal function passing the raw byte slice data and a pointer reference to your destination struct.",serialization,"VERB PROPN PROPN VERB DET ADJ NOUN NOUN"
"How do I create a new directory in Go?","Use the os.Mkdir or os.MkdirAll function from the standard library passing the path string and file mode permissions.",file_management,"VERB DET ADJ NOUN ADP PROPN NOUN"
"What is a goroutine?","A goroutine is a lightweight thread of execution managed concurrently by the Go language runtime environment.",go_concepts,"DET NOUN AUX DET ADJ NOUN ADP NOUN"
"How do I check if a file exists in Go?","Call os.Stat(path) if errors.Is(err os.ErrNotExist) is true then the file does not exist on disk.",file_management,"VERB SCONJ DET NOUN VERB ADP PROPN"
"How do you execute benchmarks in Go?","Run go test -bench=. in your specific package terminal directory to capture memory and execution speeds.",go_coding,"ADV PART VERB NOUN ADP PROPN NOUN"
"How do I read environment variables in Go?","Use the os.Getenv(KEY) function from the standard library to retrieve system environment configurations as strings.",go_coding,"VERB DET NOUN NOUN ADP PROPN NOUN"
"How do I initialize a new Go module?","Run the command go mod init module-name in your root directory to bootstrap dependency tracking.",go_coding,"ADV AUX PRON VERB DET ADJ PROPN NOUN"
"How do I prevent concurrent map writes in Go?","Protect the map using a sync.Mutex or sync.RWMutex by calling Lock() before writes and Unlock() right after.",concurrency,"VERB DET NOUN ADP DET PROPN NOUN"
"How do I decode JSON into a struct in Go?","Use the json.Unmarshal function passing the raw byte slice data and a pointer reference to your destination struct.",serialization,"VERB PROPN PROPN VERB DET ADJ NOUN NOUN"
"How do I create a new directory in Go?","Use the os.Mkdir or os.MkdirAll function from the standard library passing the path string and file mode permissions.",file_management,"VERB DET ADJ NOUN ADP PROPN NOUN"
"What is a goroutine?","A goroutine is a lightweight thread of execution managed concurrently by the Go language runtime environment.",go_concepts,"DET NOUN AUX DET ADJ NOUN ADP NOUN"
"How do I check if a file exists in Go?","Call os.Stat(path) if errors.Is(err os.ErrNotExist) is true then the file does not exist on disk.",file_management,"VERB SCONJ DET NOUN VERB ADP PROPN"
"How do you execute benchmarks in Go?","Run go test -bench=. in your specific package terminal directory to capture memory and execution speeds.",go_coding,"ADV PART VERB NOUN ADP PROPN NOUN"
"How do I read environment variables in Go?","Use the os.Getenv(KEY) function from the standard library to retrieve system environment configurations as strings.",go_coding,"VERB DET NOUN NOUN ADP PROPN NOUN"
"How do I initialize a new Go module?","Run the command go mod init module-name in your root directory to bootstrap dependency tracking.",go_coding,"ADV AUX PRON VERB DET ADJ PROPN NOUN"
"How do I prevent concurrent map writes in Go?","Protect the map using a sync.Mutex or sync.RWMutex by calling Lock() before writes and Unlock() right after.",concurrency,"VERB DET NOUN ADP DET PROPN NOUN"
"How do I decode JSON into a struct in Go?","Use the json.Unmarshal function passing the raw byte slice data and a pointer reference to your destination struct.",serialization,"VERB PROPN PROPN VERB DET ADJ NOUN NOUN"
"How do I create a new directory in Go?","Use the os.Mkdir or os.MkdirAll function from the standard library passing the path string and file mode permissions.",file_management,"VERB DET ADJ NOUN ADP PROPN NOUN"
"What is a goroutine?","A goroutine is a lightweight thread of execution managed concurrently by the Go language runtime environment.",go_concepts,"DET NOUN AUX DET ADJ NOUN ADP NOUN"
"How do I check if a file exists in Go?","Call os.Stat(path) if errors.Is(err os.ErrNotExist) is true then the file does not exist on disk.",file_management,"VERB SCONJ DET NOUN VERB ADP PROPN"
"How do you execute benchmarks in Go?","Run go test -bench=. in your specific package terminal directory to capture memory and execution speeds.",go_coding,"ADV PART VERB NOUN ADP PROPN NOUN"
"How do I read environment variables in Go?","Use the os.Getenv(KEY) function from the standard library to retrieve system environment configurations as strings.",go_coding,"VERB DET NOUN NOUN ADP PROPN NOUN"
"How do I initialize a new Go module?","Run the command go mod init module-name in your root directory to bootstrap dependency tracking.",go_coding,"ADV AUX PRON VERB DET ADJ PROPN NOUN"
"How do I prevent concurrent map writes in Go?","Protect the map using a sync.Mutex or sync.RWMutex by calling Lock() before writes and Unlock() right after.",concurrency,"VERB DET NOUN ADP DET PROPN NOUN"
"How do I decode JSON into a struct in Go?","Use the json.Unmarshal function passing the raw byte slice data and a pointer reference to your destination struct.",serialization,"VERB PROPN PROPN VERB DET ADJ NOUN NOUN"
"How do I create a new directory in Go?","Use the os.Mkdir or os.MkdirAll function from the standard library passing the path string and file mode permissions.",file_management,"VERB DET ADJ NOUN ADP PROPN NOUN"
"What is a goroutine?","A goroutine is a lightweight thread of execution managed concurrently by the Go language runtime environment.",go_concepts,"DET NOUN AUX DET ADJ NOUN ADP NOUN"
"How do I check if a file exists in Go?","Call os.Stat(path) if errors.Is(err os.ErrNotExist) is true then the file does not exist on disk.",file_management,"VERB SCONJ DET NOUN VERB ADP PROPN"
"How do you execute benchmarks in Go?","Run go test -bench=. in your specific package terminal directory to capture memory and execution speeds.",go_coding,"ADV PART VERB NOUN ADP PROPN NOUN"
"How do I read environment variables in Go?","Use the os.Getenv(KEY) function from the standard library to retrieve system environment configurations as strings.",go_coding,"VERB DET NOUN NOUN ADP PROPN NOUN"
"How do I initialize a new Go module?","Run the command go mod init module-name in your root directory to bootstrap dependency tracking.",go_coding,"ADV AUX PRON VERB DET ADJ PROPN NOUN"
"How do I prevent concurrent map writes in Go?","Protect the map using a sync.Mutex or sync.RWMutex by calling Lock() before writes and Unlock() right after.",concurrency,"VERB DET NOUN ADP DET PROPN NOUN"
"How do I decode JSON into a struct in Go?","Use the json.Unmarshal function passing the raw byte slice data and a pointer reference to your destination struct.",serialization,"VERB PROPN PROPN VERB DET ADJ NOUN NOUN"
"How do I create a new directory in Go?","Use the os.Mkdir or os.MkdirAll function from the standard library passing the path string and file mode permissions.",file_management,"VERB DET ADJ NOUN ADP PROPN NOUN"
"What is a goroutine?","A goroutine is a lightweight thread of execution managed concurrently by the Go language runtime environment.",go_concepts,"DET NOUN AUX DET ADJ NOUN ADP NOUN"
"How do I check if a file exists in Go?","Call os.Stat(path) if errors.Is(err os.ErrNotExist) is true then the file does not exist on disk.",file_management,"VERB SCONJ DET NOUN VERB ADP PROPN"
"How do you execute benchmarks in Go?","Run go test -bench=. in your specific package terminal directory to capture memory and execution speeds.",go_coding,"ADV PART VERB NOUN ADP PROPN NOUN"
"How do I read environment variables in Go?","Use the os.Getenv(KEY) function from the standard library to retrieve system environment configurations as strings.",go_coding,"VERB DET NOUN NOUN ADP PROPN NOUN"
"How do I initialize a new Go module?","Run the command go mod init module-name in your root directory to bootstrap dependency tracking.",go_coding,"ADV AUX PRON VERB DET ADJ PROPN NOUN"
"How do I prevent concurrent map writes in Go?","Protect the map using a sync.Mutex or sync.RWMutex by calling Lock() before writes and Unlock() right after.",concurrency,"VERB DET NOUN ADP DET PROPN NOUN"
"How do I decode JSON into a struct in Go?","Use the json.Unmarshal function passing the raw byte slice data and a pointer reference to your destination struct.",serialization,"VERB PROPN PROPN VERB DET ADJ NOUN NOUN"
"How do I create a new directory in Go?","Use the os.Mkdir or os.MkdirAll function from the standard library passing the path string and file mode permissions.",file_management,"VERB DET ADJ NOUN ADP PROPN NOUN"
"What is a goroutine?","A goroutine is a lightweight thread of execution managed concurrently by the Go language runtime environment.",go_concepts,"DET NOUN AUX DET ADJ NOUN ADP NOUN"
"How do I check if a file exists in Go?","Call os.Stat(path) if errors.Is(err os.ErrNotExist) is true then the file does not exist on disk.",file_management,"VERB SCONJ DET NOUN VERB ADP PROPN"
"How do you execute benchmarks in Go?","Run go test -bench=. in your specific package terminal directory to capture memory and execution speeds.",go_coding,"ADV PART VERB NOUN ADP PROPN NOUN"
"How do I read environment variables in Go?","Use the os.Getenv(KEY) function from the standard library to retrieve system environment configurations as strings.",go_coding,"VERB DET NOUN NOUN ADP PROPN NOUN"
"How do I initialize a new Go module?","Run the command go mod init module-name in your root directory to bootstrap dependency tracking.",go_coding,"ADV AUX PRON VERB DET ADJ PROPN NOUN"
"How do I prevent concurrent map writes in Go?","Protect the map using a sync.Mutex or sync.RWMutex by calling Lock() before writes and Unlock() right after.",concurrency,"VERB DET NOUN ADP DET PROPN NOUN"
"How do I decode JSON into a struct in Go?","Use the json.Unmarshal function passing the raw byte slice data and a pointer reference to your destination struct.",serialization,"VERB PROPN PROPN VERB DET ADJ NOUN NOUN"
"How do I create a new directory in Go?","Use the os.Mkdir or os.MkdirAll function from the standard library passing the path string and file mode permissions.",file_management,"VERB DET ADJ NOUN ADP PROPN NOUN"
"What is a goroutine?","A goroutine is a lightweight thread of execution managed concurrently by the Go language runtime environment.",go_concepts,"DET NOUN AUX DET ADJ NOUN ADP NOUN"
"How do I check if a file exists in Go?","Call os.Stat(path) if errors.Is(err os.ErrNotExist) is true then the file does not exist on disk.",file_management,"VERB SCONJ DET NOUN VERB ADP PROPN"
"How do you execute benchmarks in Go?","Run go test -bench=. in your specific package terminal directory to capture memory and execution speeds.",go_coding,"ADV PART VERB NOUN ADP PROPN NOUN"
"How do I read environment variables in Go?","Use the os.Getenv(KEY) function from the standard library to retrieve system environment configurations as strings.",go_coding,"VERB DET NOUN NOUN ADP PROPN NOUN"
"How do I initialize a new Go module?","Run the command go mod init module-name in your root directory to bootstrap dependency tracking.",go_coding,"ADV AUX PRON VERB DET ADJ PROPN NOUN"
"How do I prevent concurrent map writes in Go?","Protect the map using a sync.Mutex or sync.RWMutex by calling Lock() before writes and Unlock() right after.",concurrency,"VERB DET NOUN ADP DET PROPN NOUN"
"How do I decode JSON into a struct in Go?","Use the json.Unmarshal function passing the raw byte slice data and a pointer reference to your destination struct.",serialization,"VERB PROPN PROPN VERB DET ADJ NOUN NOUN"
"How do I create a new directory in Go?","Use the os.Mkdir or os.MkdirAll function from the standard library passing the path string and file mode permissions.",file_management,"VERB DET ADJ NOUN ADP PROPN NOUN"
"What is a goroutine?","A goroutine is a lightweight thread of execution managed concurrently by the Go language runtime environment.",go_concepts,"DET NOUN AUX DET ADJ NOUN ADP NOUN"
"How do I check if a file exists in Go?","Call os.Stat(path) if errors.Is(err os.ErrNotExist) is true then the file does not exist on disk.",file_management,"VERB SCONJ DET NOUN VERB ADP PROPN"
"How do you execute benchmarks in Go?","Run go test -bench=. in your specific package terminal directory to capture memory and execution speeds.",go_coding,"ADV PART VERB NOUN ADP PROPN NOUN"
"How do I read environment variables in Go?","Use the os.Getenv(KEY) function from the standard library to retrieve system environment configurations as strings.",go_coding,"VERB DET NOUN NOUN ADP PROPN NOUN"
"How do I initialize a new Go module?","Run the command go mod init module-name in your root directory to bootstrap dependency tracking.",go_coding,"ADV AUX PRON VERB DET ADJ PROPN NOUN"
"How do I prevent concurrent map writes in Go?","Protect the map using a sync.Mutex or sync.RWMutex by calling Lock() before writes and Unlock() right after.",concurrency,"VERB DET NOUN ADP DET PROPN NOUN"
"How do I decode JSON into a struct in Go?","Use the json.Unmarshal function passing the raw byte slice data and a pointer reference to your destination struct.",serialization,"VERB PROPN PROPN VERB DET ADJ NOUN NOUN"
"How do I create a new directory in Go?","Use the os.Mkdir or os.MkdirAll function from the standard library passing the path string and file mode permissions.",file_management,"VERB DET ADJ NOUN ADP PROPN NOUN"
"What is a goroutine?","A goroutine is a lightweight thread of execution managed concurrently by the Go language runtime environment.",go_concepts,"DET NOUN AUX DET ADJ NOUN ADP NOUN"
"How do I check if a file exists in Go?","Call os.Stat(path) if errors.Is(err os.ErrNotExist) is true then the file does not exist on disk.",file_management,"VERB SCONJ DET NOUN VERB ADP PROPN"
"How do you execute benchmarks in Go?","Run go test -bench=. in your specific package terminal directory to capture memory and execution speeds.",go_coding,"ADV PART VERB NOUN ADP PROPN NOUN"
"How do I read environment variables in Go?","Use the os.Getenv(KEY) function from the standard library to retrieve system environment configurations as strings.",go_coding,"VERB DET NOUN NOUN ADP PROPN NOUN"
"How do I initialize a new Go module?","Run the command go mod init module-name in your root directory to bootstrap dependency tracking.",go_coding,"ADV AUX PRON VERB DET ADJ PROPN NOUN"
"How do I prevent concurrent map writes in Go?","Protect the map using a sync.Mutex or sync.RWMutex by calling Lock() before writes and Unlock() right after.",concurrency,"VERB DET NOUN ADP DET PROPN NOUN"
"How do I decode JSON into a struct in Go?","Use the json.Unmarshal function passing the raw byte slice data and a pointer reference to your destination struct.",serialization,"VERB PROPN PROPN VERB DET ADJ NOUN NOUN"
"How do I create a new directory in Go?","Use the os.Mkdir or os.MkdirAll function from the standard library passing the path string and file mode permissions.",file_management,"VERB DET ADJ NOUN ADP PROPN NOUN"
"What is a goroutine?","A goroutine is a lightweight thread of execution managed concurrently by the Go language runtime environment.",go_concepts,"DET NOUN AUX DET ADJ NOUN ADP NOUN"
"How do I check if a file exists in Go?","Call os.Stat(path) if errors.Is(err os.ErrNotExist) is true then the file does not exist on disk.",file_management,"VERB SCONJ DET NOUN VERB ADP PROPN"
"How do you execute benchmarks in Go?","Run go test -bench=. in your specific package terminal directory to capture memory and execution speeds.",go_coding,"ADV PART VERB NOUN ADP PROPN NOUN"
"How do I read environment variables in Go?","Use the os.Getenv(KEY) function from the standard library to retrieve system environment configurations as strings.",go_coding,"VERB DET NOUN NOUN ADP PROPN NOUN"
"How do I initialize a new Go module?","Run the command go mod init module-name in your root directory to bootstrap dependency tracking.",go_coding,"ADV AUX PRON VERB DET ADJ PROPN NOUN"
"How do I prevent concurrent map writes in Go?","Protect the map using a sync.Mutex or sync.RWMutex by calling Lock() before writes and Unlock() right after.",concurrency,"VERB DET NOUN ADP DET PROPN NOUN"
"How do I decode JSON into a struct in Go?","Use the json.Unmarshal function passing the raw byte slice data and a pointer reference to your destination struct.",serialization,"VERB PROPN PROPN VERB DET ADJ NOUN NOUN"
"How do I create a new directory in Go?","Use the os.Mkdir or os.MkdirAll function from the standard library passing the path string and file mode permissions.",file_management,"VERB DET ADJ NOUN ADP PROPN NOUN"
"What is a goroutine?","A goroutine is a lightweight thread of execution managed concurrently by the Go language runtime environment.",go_concepts,"DET NOUN AUX DET ADJ NOUN ADP NOUN"
"How do I check if a file exists in Go?","Call os.Stat(path) if errors.Is(err os.ErrNotExist) is true then the file does not exist on disk.",file_management,"VERB SCONJ DET NOUN VERB ADP PROPN"
"How do you execute benchmarks in Go?","Run go test -bench=. in your specific package terminal directory to capture memory and execution speeds.",go_coding,"ADV PART VERB NOUN ADP PROPN NOUN"
"How do I read environment variables in Go?","Use the os.Getenv(KEY) function from the standard library to retrieve system environment configurations as strings.",go_coding,"VERB DET NOUN NOUN ADP PROPN NOUN"
"How do I initialize a new Go module?","Run the command go mod init module-name in your root directory to bootstrap dependency tracking.",go_coding,"ADV AUX PRON VERB DET ADJ PROPN NOUN"
"How do I prevent concurrent map writes in Go?","Protect the map using a sync.Mutex or sync.RWMutex by calling Lock() before writes and Unlock() right after.",concurrency,"VERB DET NOUN ADP DET PROPN NOUN"
"How do I decode JSON into a struct in Go?","Use the json.Unmarshal function passing the raw byte slice data and a pointer reference to your destination struct.",serialization,"VERB PROPN PROPN VERB DET ADJ NOUN NOUN"
"How do I create a new directory in Go?","Use the os.Mkdir or os.MkdirAll function from the standard library passing the path string and file mode permissions.",file_management,"VERB DET ADJ NOUN ADP PROPN NOUN"
"What is a goroutine?","A goroutine is a lightweight thread of execution managed concurrently by the Go language runtime environment.",go_concepts,"DET NOUN AUX DET ADJ NOUN ADP NOUN"
"How do I check if a file exists in Go?","Call os.Stat(path) if errors.Is(err os.ErrNotExist) is true then the file does not exist on disk.",file_management,"VERB SCONJ DET NOUN VERB ADP PROPN"
"How do you execute benchmarks in Go?","Run go test -bench=. in your specific package terminal directory to capture memory and execution speeds.",go_coding,"ADV PART VERB NOUN ADP PROPN NOUN"
"How do I read environment variables in Go?","Use the os.Getenv(KEY) function from the standard library to retrieve system environment configurations as strings.",go_coding,"VERB DET NOUN NOUN ADP PROPN NOUN"
"How do I initialize a new Go module?","Run the command go mod init module-name in your root directory to bootstrap dependency tracking.",go_coding,"ADV AUX PRON VERB DET ADJ PROPN NOUN"
"How do I prevent concurrent map writes in Go?","Protect the map using a sync.Mutex or sync.RWMutex by calling Lock() before writes and Unlock() right after.",concurrency,"VERB DET NOUN ADP DET PROPN NOUN"
"How do I decode JSON into a struct in Go?","Use the json.Unmarshal function passing the raw byte slice data and a pointer reference to your destination struct.",serialization,"VERB PROPN PROPN VERB DET ADJ NOUN NOUN"
"How do I create a new directory in Go?","Use the os.Mkdir or os.MkdirAll function from the standard library passing the path string and file mode permissions.",file_management,"VERB DET ADJ NOUN ADP PROPN NOUN"
"What is a goroutine?","A goroutine is a lightweight thread of execution managed concurrently by the Go language runtime environment.",go_concepts,"DET NOUN AUX DET ADJ NOUN ADP NOUN"
"How do I check if a file exists in Go?","Call os.Stat(path) if errors.Is(err os.ErrNotExist) is true then the file does not exist on disk.",file_management,"VERB SCONJ DET NOUN VERB ADP PROPN"
"How do you execute benchmarks in Go?","Run go test -bench=. in your specific package terminal directory to capture memory and execution speeds.",go_coding,"ADV PART VERB NOUN ADP PROPN NOUN"
"How do I read environment variables in Go?","Use the os.Getenv(KEY) function from the standard library to retrieve system environment configurations as strings.",go_coding,"VERB DET NOUN NOUN ADP PROPN NOUN"
"How do I initialize a new Go module?","Run the command go mod init module-name in your root directory to bootstrap dependency tracking.",go_coding,"ADV AUX PRON VERB DET ADJ PROPN NOUN"
"How do I prevent concurrent map writes in Go?","Protect the map using a sync.Mutex or sync.RWMutex by calling Lock() before writes and Unlock() right after.",concurrency,"VERB DET NOUN ADP DET PROPN NOUN"
"How do I decode JSON into a struct in Go?","Use the json.Unmarshal function passing the raw byte slice data and a pointer reference to your destination struct.",serialization,"VERB PROPN PROPN VERB DET ADJ NOUN NOUN"
"How do I create a new directory in Go?","Use the os.Mkdir or os.MkdirAll function from the standard library passing the path string and file mode permissions.",file_management,"VERB DET ADJ NOUN ADP PROPN NOUN"
"What is a goroutine?","A goroutine is a lightweight thread of execution managed concurrently by the Go language runtime environment.",go_concepts,"DET NOUN AUX DET ADJ NOUN ADP NOUN"
"How do I check if a file exists in Go?","Call os.Stat(path) if errors.Is(err os.ErrNotExist) is true then the file does not exist on disk.",file_management,"VERB SCONJ DET NOUN VERB ADP PROPN"
"How do you execute benchmarks in Go?","Run go test -bench=. in your specific package terminal directory to capture memory and execution speeds.",go_coding,"ADV PART VERB NOUN ADP PROPN NOUN"
"How do I read environment variables in Go?","Use the os.Getenv(KEY) function from the standard library to retrieve system environment configurations as strings.",go_coding,"VERB DET NOUN NOUN ADP PROPN NOUN"
"How do I initialize a new Go module?","Run the command go mod init module-name in your root directory to bootstrap dependency tracking.",go_coding,"ADV AUX PRON VERB DET ADJ PROPN NOUN"
"How do I prevent concurrent map writes in Go?","Protect the map using a sync.Mutex or sync.RWMutex by calling Lock() before writes and Unlock() right after.",concurrency,"VERB DET NOUN ADP DET PROPN NOUN"
"How do I decode JSON into a struct in Go?","Use the json.Unmarshal function passing the raw byte slice data and a pointer reference to your destination struct.",serialization,"VERB PROPN PROPN VERB DET ADJ NOUN NOUN"
"How do I create a new directory in Go?","Use the os.Mkdir or os.MkdirAll function from the standard library passing the path string and file mode permissions.",file_management,"VERB DET ADJ NOUN ADP PROPN NOUN"
"What is a goroutine?","A goroutine is a lightweight thread of execution managed concurrently by the Go language runtime environment.",go_concepts,"DET NOUN AUX DET ADJ NOUN ADP NOUN"
"How do I check if a file exists in Go?","Call os.Stat(path) if errors.Is(err os.ErrNotExist) is true then the file does not exist on disk.",file_management,"VERB SCONJ DET NOUN VERB ADP PROPN"
"How do you execute benchmarks in Go?","Run go test -bench=. in your specific package terminal directory to capture memory and execution speeds.",go_coding,"ADV PART VERB NOUN ADP PROPN NOUN"
"How do I read environment variables in Go?","Use the os.Getenv(KEY) function from the standard library to retrieve system environment configurations as strings.",go_coding,"VERB DET NOUN NOUN ADP PROPN NOUN"
"How do I initialize a new Go module?","Run the command go mod init module-name in your root directory to bootstrap dependency tracking.",go_coding,"ADV AUX PRON VERB DET ADJ PROPN NOUN"
"How do I prevent concurrent map writes in Go?","Protect the map using a sync.Mutex or sync.RWMutex by calling Lock() before writes and Unlock() right after.",concurrency,"VERB DET NOUN ADP DET PROPN NOUN"
"How do I decode JSON into a struct in Go?","Use the json.Unmarshal function passing the raw byte slice data and a pointer reference to your destination struct.",serialization,"VERB PROPN PROPN VERB DET ADJ NOUN NOUN"
"How do I create a new directory in Go?","Use the os.Mkdir or os.MkdirAll function from the standard library passing the path string and file mode permissions.",file_management,"VERB DET ADJ NOUN ADP PROPN NOUN"
"What is a goroutine?","A goroutine is a lightweight thread of execution managed concurrently by the Go language runtime environment.",go_concepts,"DET NOUN AUX DET ADJ NOUN ADP NOUN"
"How do I check if a file exists in Go?","Call os.Stat(path) if errors.Is(err os.ErrNotExist) is true then the file does not exist on disk.",file_management,"VERB SCONJ DET NOUN VERB ADP PROPN"
"How do you execute benchmarks in Go?","Run go test -bench=. in your specific package terminal directory to capture memory and execution speeds.",go_coding,"ADV PART VERB NOUN ADP PROPN NOUN"
"How do I read environment variables in Go?","Use the os.Getenv(KEY) function from the standard library to retrieve system environment configurations as strings.",go_coding,"VERB DET NOUN NOUN ADP PROPN NOUN"
"How do I initialize a new Go module?","Run the command go mod init module-name in your root directory to bootstrap dependency tracking.",go_coding,"ADV AUX PRON VERB DET ADJ PROPN NOUN"
"How do I prevent concurrent map writes in Go?","Protect the map using a sync.Mutex or sync.RWMutex by calling Lock() before writes and Unlock() right after.",concurrency,"VERB DET NOUN ADP DET PROPN NOUN"
"How do I decode JSON into a struct in Go?","Use the json.Unmarshal function passing the raw byte slice data and a pointer reference to your destination struct.",serialization,"VERB PROPN PROPN VERB DET ADJ NOUN NOUN"
"How do I create a new directory in Go?","Use the os.Mkdir or os.MkdirAll function from the standard library passing the path string and file mode permissions.",file_management,"VERB DET ADJ NOUN ADP PROPN NOUN"
"What is a goroutine?","A goroutine is a lightweight thread of execution managed concurrently by the Go language runtime environment.",go_concepts,"DET NOUN AUX DET ADJ NOUN ADP NOUN"
"How do I check if a file exists in Go?","Call os.Stat(path) if errors.Is(err os.ErrNotExist) is true then the file does not exist on disk.",file_management,"VERB SCONJ DET NOUN VERB ADP PROPN"
"How do you execute benchmarks in Go?","Run go test -bench=. in your specific package terminal directory to capture memory and execution speeds.",go_coding,"ADV PART VERB NOUN ADP PROPN NOUN"
"How do I read environment variables in Go?","Use the os.Getenv(KEY) function from the standard library to retrieve system environment configurations as strings.",go_coding,"VERB DET NOUN NOUN ADP PROPN NOUN"
"How do I initialize a new Go module?","Run the command go mod init module-name in your root directory to bootstrap dependency tracking.",go_coding,"ADV AUX PRON VERB DET ADJ PROPN NOUN"
"How do I prevent concurrent map writes in Go?","Protect the map using a sync.Mutex or sync.RWMutex by calling Lock() before writes and Unlock() right after.",concurrency,"VERB DET NOUN ADP DET PROPN NOUN"
"How do I decode JSON into a struct in Go?","Use the json.Unmarshal function passing the raw byte slice data and a pointer reference to your destination struct.",serialization,"VERB PROPN PROPN VERB DET ADJ NOUN NOUN"
"How do I create a new directory in Go?","Use the os.Mkdir or os.MkdirAll function from the standard library passing the path string and file mode permissions.",file_management,"VERB DET ADJ NOUN ADP PROPN NOUN"
"What is a goroutine?","A goroutine is a lightweight thread of execution managed concurrently by the Go language runtime environment.",go_concepts,"DET NOUN AUX DET ADJ NOUN ADP NOUN"
"How do I check if a file exists in Go?","Call os.Stat(path) if errors.Is(err os.ErrNotExist) is true then the file does not exist on disk.",file_management,"VERB SCONJ DET NOUN VERB ADP PROPN"
"How do you execute benchmarks in Go?","Run go test -bench=. in your specific package terminal directory to capture memory and execution speeds.",go_coding,"ADV PART VERB NOUN ADP PROPN NOUN"
"How do I read environment variables in Go?","Use the os.Getenv(KEY) function from the standard library to retrieve system environment configurations as strings.",go_coding,"VERB DET NOUN NOUN ADP PROPN NOUN"
"How do I initialize a new Go module?","Run the command go mod init module-name in your root directory to bootstrap dependency tracking.",go_coding,"ADV AUX PRON VERB DET ADJ PROPN NOUN"
"How do I prevent concurrent map writes in Go?","Protect the map using a sync.Mutex or sync.RWMutex by calling Lock() before writes and Unlock() right after.",concurrency,"VERB DET NOUN ADP DET PROPN NOUN"
"How do I decode JSON into a struct in Go?","Use the json.Unmarshal function passing the raw byte slice data and a pointer reference to your destination struct.",serialization,"VERB PROPN PROPN VERB DET ADJ NOUN NOUN"
"How do I create a new directory in Go?","Use the os.Mkdir or os.MkdirAll function from the standard library passing the path string and file mode permissions.",file_management,"VERB DET ADJ NOUN ADP PROPN NOUN"
"What is a goroutine?","A goroutine is a lightweight thread of execution managed concurrently by the Go language runtime environment.",go_concepts,"DET NOUN AUX DET ADJ NOUN ADP NOUN"
"How do I check if a file exists in Go?","Call os.Stat(path) if errors.Is(err os.ErrNotExist) is true then the file does not exist on disk.",file_management,"VERB SCONJ DET NOUN VERB ADP PROPN"
"How do you execute benchmarks in Go?","Run go test -bench=. in your specific package terminal directory to capture memory and execution speeds.",go_coding,"ADV PART VERB NOUN ADP PROPN NOUN"
"How do I read environment variables in Go?","Use the os.Getenv(KEY) function from the standard library to retrieve system environment configurations as strings.",go_coding,"VERB DET NOUN NOUN ADP PROPN NOUN"
"How do I initialize a new Go module?","Run the command go mod init module-name in your root directory to bootstrap dependency tracking.",go_coding,"ADV AUX PRON VERB DET ADJ PROPN NOUN"
"How do I prevent concurrent map writes in Go?","Protect the map using a sync.Mutex or sync.RWMutex by calling Lock() before writes and Unlock() right after.",concurrency,"VERB DET NOUN ADP DET PROPN NOUN"
"How do I decode JSON into a struct in Go?","Use the json.Unmarshal function passing the raw byte slice data and a pointer reference to your destination struct.",serialization,"VERB PROPN PROPN VERB DET ADJ NOUN NOUN"
"How do I create a new directory in Go?","Use the os.Mkdir or os.MkdirAll function from the standard library passing the path string and file mode permissions.",file_management,"VERB DET ADJ NOUN ADP PROPN NOUN"
"What is a goroutine?","A goroutine is a lightweight thread of execution managed concurrently by the Go language runtime environment.",go_concepts,"DET NOUN AUX DET ADJ NOUN ADP NOUN"
"How do I check if a file exists in Go?","Call os.Stat(path) if errors.Is(err os.ErrNotExist) is true then the file does not exist on disk.",file_management,"VERB SCONJ DET NOUN VERB ADP PROPN"
"How do you execute benchmarks in Go?","Run go test -bench=. in your specific package terminal directory to capture memory and execution speeds.",go_coding,"ADV PART VERB NOUN ADP PROPN NOUN"
"How do I read environment variables in Go?","Use the os.Getenv(KEY) function from the standard library to retrieve system environment configurations as strings.",go_coding,"VERB DET NOUN NOUN ADP PROPN NOUN"
"How do I initialize a new Go module?","Run the command go mod init module-name in your root directory to bootstrap dependency tracking.",go_coding,"ADV AUX PRON VERB DET ADJ PROPN NOUN"
"How do I prevent concurrent map writes in Go?","Protect the map using a sync.Mutex or sync.RWMutex by calling Lock() before writes and Unlock() right after.",concurrency,"VERB DET NOUN ADP DET PROPN NOUN"
"How do I decode JSON into a struct in Go?","Use the json.Unmarshal function passing the raw byte slice data and a pointer reference to your destination struct.",serialization,"VERB PROPN PROPN VERB DET ADJ NOUN NOUN"
"How do I create a new directory in Go?","Use the os.Mkdir or os.MkdirAll function from the standard library passing the path string and file mode permissions.",file_management,"VERB DET ADJ NOUN ADP PROPN NOUN"
"What is a goroutine?","A goroutine is a lightweight thread of execution managed concurrently by the Go language runtime environment.",go_concepts,"DET NOUN AUX DET ADJ NOUN ADP NOUN"
"How do I check if a file exists in Go?","Call os.Stat(path) if errors.Is(err os.ErrNotExist) is true then the file does not exist on disk.",file_management,"VERB SCONJ DET NOUN VERB ADP PROPN"
"How do you execute benchmarks in Go?","Run go test -bench=. in your specific package terminal directory to capture memory and execution speeds.",go_coding,"ADV PART VERB NOUN ADP PROPN NOUN"
"How do I read environment variables in Go?","Use the os.Getenv(KEY) function from the standard library to retrieve system environment configurations as strings.",go_coding,"VERB DET NOUN NOUN ADP PROPN NOUN"
"How do I initialize a new Go module?","Run the command go mod init module-name in your root directory to bootstrap dependency tracking.",go_coding,"ADV AUX PRON VERB DET ADJ PROPN NOUN"
"How do I prevent concurrent map writes in Go?","Protect the map using a sync.Mutex or sync.RWMutex by calling Lock() before writes and Unlock() right after.",concurrency,"VERB DET NOUN ADP DET PROPN NOUN"
"How do I decode JSON into a struct in Go?","Use the json.Unmarshal function passing the raw byte slice data and a pointer reference to your destination struct.",serialization,"VERB PROPN PROPN VERB DET ADJ NOUN NOUN"
"How do I create a new directory in Go?","Use the os.Mkdir or os.MkdirAll function from the standard library passing the path string and file mode permissions.",file_management,"VERB DET ADJ NOUN ADP PROPN NOUN"
"What is a goroutine?","A goroutine is a lightweight thread of execution managed concurrently by the Go language runtime environment.",go_concepts,"DET NOUN AUX DET ADJ NOUN ADP NOUN"
"How do I check if a file exists in Go?","Call os.Stat(path) if errors.Is(err os.ErrNotExist) is true then the file does not exist on disk.",file_management,"VERB SCONJ DET NOUN VERB ADP PROPN"
"How do you execute benchmarks in Go?","Run go test -bench=. in your specific package terminal directory to capture memory and execution speeds.",go_coding,"ADV PART VERB NOUN ADP PROPN NOUN"
"How do I read environment variables in Go?","Use the os.Getenv(KEY) function from the standard library to retrieve system environment configurations as strings.",go_coding,"VERB DET NOUN NOUN ADP PROPN NOUN"
"How do I initialize a new Go module?","Run the command go mod init module-name in your root directory to bootstrap dependency tracking.",go_coding,"ADV AUX PRON VERB DET ADJ PROPN NOUN"
"How do I prevent concurrent map writes in Go?","Protect the map using a sync.Mutex or sync.RWMutex by calling Lock() before writes and Unlock() right after.",concurrency,"VERB DET NOUN ADP DET PROPN NOUN"
"How do I decode JSON into a struct in Go?","Use the json.Unmarshal function passing the raw byte slice data and a pointer reference to your destination struct.",serialization,"VERB PROPN PROPN VERB DET ADJ NOUN NOUN"
"How do I create a new directory in Go?","Use the os.Mkdir or os.MkdirAll function from the standard library passing the path string and file mode permissions.",file_management,"VERB DET ADJ NOUN ADP PROPN NOUN"
"What is a goroutine?","A goroutine is a lightweight thread of execution managed concurrently by the Go language runtime environment.",go_concepts,"DET NOUN AUX DET ADJ NOUN ADP NOUN"
"How do I check if a file exists in Go?","Call os.Stat(path) if errors.Is(err os.ErrNotExist) is true then the file does not exist on disk.",file_management,"VERB SCONJ DET NOUN VERB ADP PROPN"
"How do you execute benchmarks in Go?","Run go test -bench=. in your specific package terminal directory to capture memory and execution speeds.",go_coding,"ADV PART VERB NOUN ADP PROPN NOUN"
"How do I read environment variables in Go?","Use the os.Getenv(KEY) function from the standard library to retrieve system environment configurations as strings.",go_coding,"VERB DET NOUN NOUN ADP PROPN NOUN"
"How do I initialize a new Go module?","Run the command go mod init module-name in your root directory to bootstrap dependency tracking.",go_coding,"ADV AUX PRON VERB DET ADJ PROPN NOUN"
"How do I prevent concurrent map writes in Go?","Protect the map using a sync.Mutex or sync.RWMutex by calling Lock() before writes and Unlock() right after.",concurrency,"VERB DET NOUN ADP DET PROPN NOUN"
"How do I decode JSON into a struct in Go?","Use the json.Unmarshal function passing the raw byte slice data and a pointer reference to your destination struct.",serialization,"VERB PROPN PROPN VERB DET ADJ NOUN NOUN"
"How do I create a new directory in Go?","Use the os.Mkdir or os.MkdirAll function from the standard library passing the path string and file mode permissions.",file_management,"VERB DET ADJ NOUN ADP PROPN NOUN"
"What is a goroutine?","A goroutine is a lightweight thread of execution managed concurrently by the Go language runtime environment.",go_concepts,"DET NOUN AUX DET ADJ NOUN ADP NOUN"
"How do I check if a file exists in Go?","Call os.Stat(path) if errors.Is(err os.ErrNotExist) is true then the file does not exist on disk.",file_management,"VERB SCONJ DET NOUN VERB ADP PROPN"
"How do you execute benchmarks in Go?","Run go test -bench=. in your specific package terminal directory to capture memory and execution speeds.",go_coding,"ADV PART VERB NOUN ADP PROPN NOUN"
"How do I read environment variables in Go?","Use the os.Getenv(KEY) function from the standard library to retrieve system environment configurations as strings.",go_coding,"VERB DET NOUN NOUN ADP PROPN NOUN"
"How do I initialize a new Go module?","Run the command go mod init module-name in your root directory to bootstrap dependency tracking.",go_coding,"ADV AUX PRON VERB DET ADJ PROPN NOUN"
"How do I prevent concurrent map writes in Go?","Protect the map using a sync.Mutex or sync.RWMutex by calling Lock() before writes and Unlock() right after.",concurrency,"VERB DET NOUN ADP DET PROPN NOUN"
"How do I decode JSON into a struct in Go?","Use the json.Unmarshal function passing the raw byte slice data and a pointer reference to your destination struct.",serialization,"VERB PROPN PROPN VERB DET ADJ NOUN NOUN"
"How do I create a new directory in Go?","Use the os.Mkdir or os.MkdirAll function from the standard library passing the path string and file mode permissions.",file_management,"VERB DET ADJ NOUN ADP PROPN NOUN"
"What is a goroutine?","A goroutine is a lightweight thread of execution managed concurrently by the Go language runtime environment.",go_concepts,"DET NOUN AUX DET ADJ NOUN ADP NOUN"
"How do I check if a file exists in Go?","Call os.Stat(path) if errors.Is(err os.ErrNotExist) is true then the file does not exist on disk.",file_management,"VERB SCONJ DET NOUN VERB ADP PROPN"
"How do you execute benchmarks in Go?","Run go test -bench=. in your specific package terminal directory to capture memory and execution speeds.",go_coding,"ADV PART VERB NOUN ADP PROPN NOUN"
"How do I read environment variables in Go?","Use the os.Getenv(KEY) function from the standard library to retrieve system environment configurations as strings.",go_coding,"VERB DET NOUN NOUN ADP PROPN NOUN"
"How do I initialize a new Go module?","Run the command go mod init module-name in your root directory to bootstrap dependency tracking.",go_coding,"ADV AUX PRON VERB DET ADJ PROPN NOUN"
"How do I prevent concurrent map writes in Go?","Protect the map using a sync.Mutex or sync.RWMutex by calling Lock() before writes and Unlock() right after.",concurrency,"VERB DET NOUN ADP DET PROPN NOUN"
"How do I decode JSON into a struct in Go?","Use the json.Unmarshal function passing the raw byte slice data and a pointer reference to your destination struct.",serialization,"VERB PROPN PROPN VERB DET ADJ NOUN NOUN"
"How do I create a new directory in Go?","Use the os.Mkdir or os.MkdirAll function from the standard library passing the path string and file mode permissions.",file_management,"VERB DET ADJ NOUN ADP PROPN NOUN"
"What is a goroutine?","A goroutine is a lightweight thread of execution managed concurrently by the Go language runtime environment.",go_concepts,"DET NOUN AUX DET ADJ NOUN ADP NOUN"
"How do I check if a file exists in Go?","Call os.Stat(path) if errors.Is(err os.ErrNotExist) is true then the file does not exist on disk.",file_management,"VERB SCONJ DET NOUN VERB ADP PROPN"
"How do you execute benchmarks in Go?","Run go test -bench=. in your specific package terminal directory to capture memory and execution speeds.",go_coding,"ADV PART VERB NOUN ADP PROPN NOUN"
"How do I read environment variables in Go?","Use the os.Getenv(KEY) function from the standard library to retrieve system environment configurations as strings.",go_coding,"VERB DET NOUN NOUN ADP PROPN NOUN"
"How do I initialize a new Go module?","Run the command go mod init module-name in your root directory to bootstrap dependency tracking.",go_coding,"ADV AUX PRON VERB DET ADJ PROPN NOUN"
"How do I prevent concurrent map writes in Go?","Protect the map using a sync.Mutex or sync.RWMutex by calling Lock() before writes and Unlock() right after.",concurrency,"VERB DET NOUN ADP DET PROPN NOUN"
"How do I decode JSON into a struct in Go?","Use the json.Unmarshal function passing the raw byte slice data and a pointer reference to your destination struct.",serialization,"VERB PROPN PROPN VERB DET ADJ NOUN NOUN"
"How do I create a new directory in Go?","Use the os.Mkdir or os.MkdirAll function from the standard library passing the path string and file mode permissions.",file_management,"VERB DET ADJ NOUN ADP PROPN NOUN"
"What is a goroutine?","A goroutine is a lightweight thread of execution managed concurrently by the Go language runtime environment.",go_concepts,"DET NOUN AUX DET ADJ NOUN ADP NOUN"
"How do I check if a file exists in Go?","Call os.Stat(path) if errors.Is(err os.ErrNotExist) is true then the file does not exist on disk.",file_management,"VERB SCONJ DET NOUN VERB ADP PROPN"
"How do you execute benchmarks in Go?","Run go test -bench=. in your specific package terminal directory to capture memory and execution speeds.",go_coding,"ADV PART VERB NOUN ADP PROPN NOUN"
"How do I read environment variables in Go?","Use the os.Getenv(KEY) function from the standard library to retrieve system environment configurations as strings.",go_coding,"VERB DET NOUN NOUN ADP PROPN NOUN"
"How do I initialize a new Go module?","Run the command go mod init module-name in your root directory to bootstrap dependency tracking.",go_coding,"ADV AUX PRON VERB DET ADJ PROPN NOUN"
"How do I prevent concurrent map writes in Go?","Protect the map using a sync.Mutex or sync.RWMutex by calling Lock() before writes and Unlock() right after.",concurrency,"VERB DET NOUN ADP DET PROPN NOUN"
"How do I decode JSON into a struct in Go?","Use the json.Unmarshal function passing the raw byte slice data and a pointer reference to your destination struct.",serialization,"VERB PROPN PROPN VERB DET ADJ NOUN NOUN"
"How do I create a new directory in Go?","Use the os.Mkdir or os.MkdirAll function from the standard library passing the path string and file mode permissions.",file_management,"VERB DET ADJ NOUN ADP PROPN NOUN"
"What is a goroutine?","A goroutine is a lightweight thread of execution managed concurrently by the Go language runtime environment.",go_concepts,"DET NOUN AUX DET ADJ NOUN ADP NOUN"
"How do I check if a file exists in Go?","Call os.Stat(path) if errors.Is(err os.ErrNotExist) is true then the file does not exist on disk.",file_management,"VERB SCONJ DET NOUN VERB ADP PROPN"
"How do you execute benchmarks in Go?","Run go test -bench=. in your specific package terminal directory to capture memory and execution speeds.",go_coding,"ADV PART VERB NOUN ADP PROPN NOUN"
"How do I read environment variables in Go?","Use the os.Getenv(KEY) function from the standard library to retrieve system environment configurations as strings.",go_coding,"VERB DET NOUN NOUN ADP PROPN NOUN"